-- phpMyAdmin SQL Dump
-- version 5.1.1
-- https://www.phpmyadmin.net/
--
-- Host: 127.0.0.1
-- Generation Time: Feb 01, 2022 at 06:19 AM
-- Server version: 10.4.21-MariaDB
-- PHP Version: 8.0.12

SET SQL_MODE = "NO_AUTO_VALUE_ON_ZERO";
START TRANSACTION;
SET time_zone = "+00:00";


/*!40101 SET @OLD_CHARACTER_SET_CLIENT=@@CHARACTER_SET_CLIENT */;
/*!40101 SET @OLD_CHARACTER_SET_RESULTS=@@CHARACTER_SET_RESULTS */;
/*!40101 SET @OLD_COLLATION_CONNECTION=@@COLLATION_CONNECTION */;
/*!40101 SET NAMES utf8mb4 */;

--
-- Database: `jangirsamaj`
--
CREATE DATABASE IF NOT EXISTS `jangirsamaj` DEFAULT CHARACTER SET utf8mb4 COLLATE utf8mb4_general_ci;
USE `jangirsamaj`;

-- --------------------------------------------------------

--
-- Table structure for table `districts`
--

CREATE TABLE `districts` (
  `id` int(11) UNSIGNED NOT NULL,
  `district` varchar(25) NOT NULL,
  `state_id` tinyint(2) UNSIGNED NOT NULL,
  `created_at` varchar(15) DEFAULT NULL,
  `updated_at` varchar(15) DEFAULT NULL,
  `deleted_at` varchar(15) DEFAULT NULL
) ENGINE=InnoDB DEFAULT CHARSET=utf8mb4;

--
-- Dumping data for table `districts`
--

INSERT INTO `districts` (`id`, `district`, `state_id`, `created_at`, `updated_at`, `deleted_at`) VALUES
(1, 'Anantapur', 1, '14-12-2021', '14-12-2021', NULL),
(2, 'Chittoor', 1, '14-12-2021', '14-12-2021', NULL),
(3, 'East Godavari', 1, '14-12-2021', '14-12-2021', NULL),
(4, 'Guntur', 1, '14-12-2021', '14-12-2021', NULL),
(5, 'Krishna', 1, '14-12-2021', '14-12-2021', NULL),
(6, 'Kurnool', 1, '14-12-2021', '14-12-2021', NULL),
(7, 'Nellore', 1, '14-12-2021', '14-12-2021', NULL),
(8, 'Prakasam', 1, '14-12-2021', '14-12-2021', NULL),
(9, 'Srikakulam', 1, '14-12-2021', '14-12-2021', NULL),
(10, 'Visakhapatnam', 1, '14-12-2021', '14-12-2021', NULL),
(11, 'Vizianagaram', 1, '14-12-2021', '14-12-2021', NULL),
(12, 'West Godavari', 1, '14-12-2021', '14-12-2021', NULL),
(13, 'YSR Kadapa', 1, '14-12-2021', '14-12-2021', NULL),
(14, 'Tawang', 2, '14-12-2021', '14-12-2021', NULL),
(15, 'West Kameng', 2, '14-12-2021', '14-12-2021', NULL),
(16, 'East Kameng', 2, '14-12-2021', '14-12-2021', NULL),
(17, 'Papum Pare', 2, '14-12-2021', '14-12-2021', NULL),
(18, 'Kurung Kumey', 2, '14-12-2021', '14-12-2021', NULL),
(19, 'Kra Daadi', 2, '14-12-2021', '14-12-2021', NULL),
(20, 'Lower Subansiri', 2, '14-12-2021', '14-12-2021', NULL),
(21, 'Upper Subansiri', 2, '14-12-2021', '14-12-2021', NULL),
(22, 'West Siang', 2, '14-12-2021', '14-12-2021', NULL),
(23, 'East Siang', 2, '14-12-2021', '14-12-2021', NULL),
(24, 'Siang', 2, '14-12-2021', '14-12-2021', NULL),
(25, 'Upper Siang', 2, '14-12-2021', '14-12-2021', NULL),
(26, 'Lower Siang', 2, '14-12-2021', '14-12-2021', NULL),
(27, 'Lower Dibang Valley', 2, '14-12-2021', '14-12-2021', NULL),
(28, 'Dibang Valley', 2, '14-12-2021', '14-12-2021', NULL),
(29, 'Anjaw', 2, '14-12-2021', '14-12-2021', NULL),
(30, 'Lohit', 2, '14-12-2021', '14-12-2021', NULL),
(31, 'Namsai', 2, '14-12-2021', '14-12-2021', NULL),
(32, 'Changlang', 2, '14-12-2021', '14-12-2021', NULL),
(33, 'Tirap', 2, '14-12-2021', '14-12-2021', NULL),
(34, 'Longding', 2, '14-12-2021', '14-12-2021', NULL),
(35, 'Baksa', 3, '14-12-2021', '14-12-2021', NULL),
(36, 'Barpeta', 3, '14-12-2021', '14-12-2021', NULL),
(37, 'Biswanath', 3, '14-12-2021', '14-12-2021', NULL),
(38, 'Bongaigaon', 3, '14-12-2021', '14-12-2021', NULL),
(39, 'Cachar', 3, '14-12-2021', '14-12-2021', NULL),
(40, 'Charaideo', 3, '14-12-2021', '14-12-2021', NULL),
(41, 'Chirang', 3, '14-12-2021', '14-12-2021', NULL),
(42, 'Darrang', 3, '14-12-2021', '14-12-2021', NULL),
(43, 'Dhemaji', 3, '14-12-2021', '14-12-2021', NULL),
(44, 'Dhubri', 3, '14-12-2021', '14-12-2021', NULL),
(45, 'Dibrugarh', 3, '14-12-2021', '14-12-2021', NULL),
(46, 'Goalpara', 3, '14-12-2021', '14-12-2021', NULL),
(47, 'Golaghat', 3, '14-12-2021', '14-12-2021', NULL),
(48, 'Hailakandi', 3, '14-12-2021', '14-12-2021', NULL),
(49, 'Hojai', 3, '14-12-2021', '14-12-2021', NULL),
(50, 'Jorhat', 3, '14-12-2021', '14-12-2021', NULL),
(51, 'Kamrup Metropolitan', 3, '14-12-2021', '14-12-2021', NULL),
(52, 'Kamrup', 3, '14-12-2021', '14-12-2021', NULL),
(53, 'Karbi Anglong', 3, '14-12-2021', '14-12-2021', NULL),
(54, 'Karimganj', 3, '14-12-2021', '14-12-2021', NULL),
(55, 'Kokrajhar', 3, '14-12-2021', '14-12-2021', NULL),
(56, 'Lakhimpur', 3, '14-12-2021', '14-12-2021', NULL),
(57, 'Majuli', 3, '14-12-2021', '14-12-2021', NULL),
(58, 'Morigaon', 3, '14-12-2021', '14-12-2021', NULL),
(59, 'Nagaon', 3, '14-12-2021', '14-12-2021', NULL),
(60, 'Nalbari', 3, '14-12-2021', '14-12-2021', NULL),
(61, 'Dima Hasao', 3, '14-12-2021', '14-12-2021', NULL),
(62, 'Sivasagar', 3, '14-12-2021', '14-12-2021', NULL),
(63, 'Sonitpur', 3, '14-12-2021', '14-12-2021', NULL),
(64, 'South Salmara-Mankachar', 3, '14-12-2021', '14-12-2021', NULL),
(65, 'Tinsukia', 3, '14-12-2021', '14-12-2021', NULL),
(66, 'Udalguri', 3, '14-12-2021', '14-12-2021', NULL),
(67, 'West Karbi Anglong', 3, '14-12-2021', '14-12-2021', NULL),
(68, 'Araria', 4, '14-12-2021', '14-12-2021', NULL),
(69, 'Arwal', 4, '14-12-2021', '14-12-2021', NULL),
(70, 'Aurangabad', 4, '14-12-2021', '14-12-2021', NULL),
(71, 'Banka', 4, '14-12-2021', '14-12-2021', NULL),
(72, 'Begusarai', 4, '14-12-2021', '14-12-2021', NULL),
(73, 'Bhagalpur', 4, '14-12-2021', '14-12-2021', NULL),
(74, 'Bhojpur', 4, '14-12-2021', '14-12-2021', NULL),
(75, 'Buxar', 4, '14-12-2021', '14-12-2021', NULL),
(76, 'Darbhanga', 4, '14-12-2021', '14-12-2021', NULL),
(77, 'East Champaran (Motihari)', 4, '14-12-2021', '14-12-2021', NULL),
(78, 'Gaya', 4, '14-12-2021', '14-12-2021', NULL),
(79, 'Gopalganj', 4, '14-12-2021', '14-12-2021', NULL),
(80, 'Jamui', 4, '14-12-2021', '14-12-2021', NULL),
(81, 'Jehanabad', 4, '14-12-2021', '14-12-2021', NULL),
(82, 'Kaimur (Bhabua)', 4, '14-12-2021', '14-12-2021', NULL),
(83, 'Katihar', 4, '14-12-2021', '14-12-2021', NULL),
(84, 'Khagaria', 4, '14-12-2021', '14-12-2021', NULL),
(85, 'Kishanganj', 4, '14-12-2021', '14-12-2021', NULL),
(86, 'Lakhisarai', 4, '14-12-2021', '14-12-2021', NULL),
(87, 'Madhepura', 4, '14-12-2021', '14-12-2021', NULL),
(88, 'Madhubani', 4, '14-12-2021', '14-12-2021', NULL),
(89, 'Munger (Monghyr)', 4, '14-12-2021', '14-12-2021', NULL),
(90, 'Muzaffarpur', 4, '14-12-2021', '14-12-2021', NULL),
(91, 'Nalanda', 4, '14-12-2021', '14-12-2021', NULL),
(92, 'Nawada', 4, '14-12-2021', '14-12-2021', NULL),
(93, 'Patna', 4, '14-12-2021', '14-12-2021', NULL),
(94, 'Purnia (Purnea)', 4, '14-12-2021', '14-12-2021', NULL),
(95, 'Rohtas', 4, '14-12-2021', '14-12-2021', NULL),
(96, 'Saharsa', 4, '14-12-2021', '14-12-2021', NULL),
(97, 'Samastipur', 4, '14-12-2021', '14-12-2021', NULL),
(98, 'Saran', 4, '14-12-2021', '14-12-2021', NULL),
(99, 'Sheikhpura', 4, '14-12-2021', '14-12-2021', NULL),
(100, 'Sheohar', 4, '14-12-2021', '14-12-2021', NULL),
(101, 'Sitamarhi', 4, '14-12-2021', '14-12-2021', NULL),
(102, 'Siwan', 4, '14-12-2021', '14-12-2021', NULL),
(103, 'Supaul', 4, '14-12-2021', '14-12-2021', NULL),
(104, 'Vaishali', 4, '14-12-2021', '14-12-2021', NULL),
(105, 'West Champaran', 4, '14-12-2021', '14-12-2021', NULL),
(106, 'Chandigarh', 5, '14-12-2021', '14-12-2021', NULL),
(107, 'Balod', 6, '14-12-2021', '14-12-2021', NULL),
(108, 'Baloda Bazar', 6, '14-12-2021', '14-12-2021', NULL),
(109, 'Balrampur', 6, '14-12-2021', '14-12-2021', NULL),
(110, 'Bastar', 6, '14-12-2021', '14-12-2021', NULL),
(111, 'Bemetara', 6, '14-12-2021', '14-12-2021', NULL),
(112, 'Bijapur', 6, '14-12-2021', '14-12-2021', NULL),
(113, 'Bilaspur', 6, '14-12-2021', '14-12-2021', NULL),
(114, 'Dantewada (South Bastar)', 6, '14-12-2021', '14-12-2021', NULL),
(115, 'Dhamtari', 6, '14-12-2021', '14-12-2021', NULL),
(116, 'Durg', 6, '14-12-2021', '14-12-2021', NULL),
(117, 'Gariyaband', 6, '14-12-2021', '14-12-2021', NULL),
(118, 'Janjgir-Champa', 6, '14-12-2021', '14-12-2021', NULL),
(119, 'Jashpur', 6, '14-12-2021', '14-12-2021', NULL),
(120, 'Kabirdham (Kawardha)', 6, '14-12-2021', '14-12-2021', NULL),
(121, 'Kanker (North Bastar)', 6, '14-12-2021', '14-12-2021', NULL),
(122, 'Kondagaon', 6, '14-12-2021', '14-12-2021', NULL),
(123, 'Korba', 6, '14-12-2021', '14-12-2021', NULL),
(124, 'Korea (Koriya)', 6, '14-12-2021', '14-12-2021', NULL),
(125, 'Mahasamund', 6, '14-12-2021', '14-12-2021', NULL),
(126, 'Mungeli', 6, '14-12-2021', '14-12-2021', NULL),
(127, 'Narayanpur', 6, '14-12-2021', '14-12-2021', NULL),
(128, 'Raigarh', 6, '14-12-2021', '14-12-2021', NULL),
(129, 'Raipur', 6, '14-12-2021', '14-12-2021', NULL),
(130, 'Rajnandgaon', 6, '14-12-2021', '14-12-2021', NULL),
(131, 'Sukma', 6, '14-12-2021', '14-12-2021', NULL),
(132, 'Surajpur  ', 6, '14-12-2021', '14-12-2021', NULL),
(133, 'Surguja', 6, '14-12-2021', '14-12-2021', NULL),
(134, 'Dadra & Nagar Haveli', 7, '14-12-2021', '14-12-2021', NULL),
(135, 'Daman', 8, '14-12-2021', '14-12-2021', NULL),
(136, 'Diu', 8, '14-12-2021', '14-12-2021', NULL),
(137, 'Central Delhi', 9, '14-12-2021', '14-12-2021', NULL),
(138, 'East Delhi', 9, '14-12-2021', '14-12-2021', NULL),
(139, 'New Delhi', 9, '14-12-2021', '14-12-2021', NULL),
(140, 'North Delhi', 9, '14-12-2021', '14-12-2021', NULL),
(141, 'North East  Delhi', 9, '14-12-2021', '14-12-2021', NULL),
(142, 'North West  Delhi', 9, '14-12-2021', '14-12-2021', NULL),
(143, 'Shahdara', 9, '14-12-2021', '14-12-2021', NULL),
(144, 'South Delhi', 9, '14-12-2021', '14-12-2021', NULL),
(145, 'South East Delhi', 9, '14-12-2021', '14-12-2021', NULL),
(146, 'South West  Delhi', 9, '14-12-2021', '14-12-2021', NULL),
(147, 'West Delhi', 9, '14-12-2021', '14-12-2021', NULL),
(148, 'North Goa', 10, '14-12-2021', '14-12-2021', NULL),
(149, 'South Goa', 10, '14-12-2021', '14-12-2021', NULL),
(150, 'Ahmedabad', 11, '14-12-2021', '14-12-2021', NULL),
(151, 'Amreli', 11, '14-12-2021', '14-12-2021', NULL),
(152, 'Anand', 11, '14-12-2021', '14-12-2021', NULL),
(153, 'Aravalli', 11, '14-12-2021', '14-12-2021', NULL),
(154, 'Banaskantha (Palanpur)', 11, '14-12-2021', '14-12-2021', NULL),
(155, 'Bharuch', 11, '14-12-2021', '14-12-2021', NULL),
(156, 'Bhavnagar', 11, '14-12-2021', '14-12-2021', NULL),
(157, 'Botad', 11, '14-12-2021', '14-12-2021', NULL),
(158, 'Chhota Udepur', 11, '14-12-2021', '14-12-2021', NULL),
(159, 'Dahod', 11, '14-12-2021', '14-12-2021', NULL),
(160, 'Dangs (Ahwa)', 11, '14-12-2021', '14-12-2021', NULL),
(161, 'Devbhoomi Dwarka', 11, '14-12-2021', '14-12-2021', NULL),
(162, 'Gandhinagar', 11, '14-12-2021', '14-12-2021', NULL),
(163, 'Gir Somnath', 11, '14-12-2021', '14-12-2021', NULL),
(164, 'Jamnagar', 11, '14-12-2021', '14-12-2021', NULL),
(165, 'Junagadh', 11, '14-12-2021', '14-12-2021', NULL),
(166, 'Kachchh', 11, '14-12-2021', '14-12-2021', NULL),
(167, 'Kheda (Nadiad)', 11, '14-12-2021', '14-12-2021', NULL),
(168, 'Mahisagar', 11, '14-12-2021', '14-12-2021', NULL),
(169, 'Mehsana', 11, '14-12-2021', '14-12-2021', NULL),
(170, 'Morbi', 11, '14-12-2021', '14-12-2021', NULL),
(171, 'Narmada (Rajpipla)', 11, '14-12-2021', '14-12-2021', NULL),
(172, 'Navsari', 11, '14-12-2021', '14-12-2021', NULL),
(173, 'Panchmahal (Godhra)', 11, '14-12-2021', '14-12-2021', NULL),
(174, 'Patan', 11, '14-12-2021', '14-12-2021', NULL),
(175, 'Porbandar', 11, '14-12-2021', '14-12-2021', NULL),
(176, 'Rajkot', 11, '14-12-2021', '14-12-2021', NULL),
(177, 'Sabarkantha (Himmatnagar)', 11, '14-12-2021', '14-12-2021', NULL),
(178, 'Surat', 11, '14-12-2021', '14-12-2021', NULL),
(179, 'Surendranagar', 11, '14-12-2021', '14-12-2021', NULL),
(180, 'Tapi (Vyara)', 11, '14-12-2021', '14-12-2021', NULL),
(181, 'Vadodara', 11, '14-12-2021', '14-12-2021', NULL),
(182, 'Valsad', 11, '14-12-2021', '14-12-2021', NULL),
(183, 'Ambala', 12, '14-12-2021', '14-12-2021', NULL),
(184, 'Bhiwani', 12, '14-12-2021', '14-12-2021', NULL),
(185, 'Charkhi Dadri', 12, '14-12-2021', '14-12-2021', NULL),
(186, 'Faridabad', 12, '14-12-2021', '14-12-2021', NULL),
(187, 'Fatehabad', 12, '14-12-2021', '14-12-2021', NULL),
(188, 'Gurgaon', 12, '14-12-2021', '14-12-2021', NULL),
(189, 'Hisar', 12, '14-12-2021', '14-12-2021', NULL),
(190, 'Jhajjar', 12, '14-12-2021', '14-12-2021', NULL),
(191, 'Jind', 12, '14-12-2021', '14-12-2021', NULL),
(192, 'Kaithal', 12, '14-12-2021', '14-12-2021', NULL),
(193, 'Karnal', 12, '14-12-2021', '14-12-2021', NULL),
(194, 'Kurukshetra', 12, '14-12-2021', '14-12-2021', NULL),
(195, 'Mahendragarh', 12, '14-12-2021', '14-12-2021', NULL),
(196, 'Mewat', 12, '14-12-2021', '14-12-2021', NULL),
(197, 'Palwal', 12, '14-12-2021', '14-12-2021', NULL),
(198, 'Panchkula', 12, '14-12-2021', '14-12-2021', NULL),
(199, 'Panipat', 12, '14-12-2021', '14-12-2021', NULL),
(200, 'Rewari', 12, '14-12-2021', '14-12-2021', NULL),
(201, 'Rohtak', 12, '14-12-2021', '14-12-2021', NULL),
(202, 'Sirsa', 12, '14-12-2021', '14-12-2021', NULL),
(203, 'Sonipat', 12, '14-12-2021', '14-12-2021', NULL),
(204, 'Yamunanagar', 12, '14-12-2021', '14-12-2021', NULL),
(205, 'Bilaspur', 13, '14-12-2021', '14-12-2021', NULL),
(206, 'Chamba', 13, '14-12-2021', '14-12-2021', NULL),
(207, 'Hamirpur', 13, '14-12-2021', '14-12-2021', NULL),
(208, 'Kangra', 13, '14-12-2021', '14-12-2021', NULL),
(209, 'Kinnaur', 13, '14-12-2021', '14-12-2021', NULL),
(210, 'Kullu', 13, '14-12-2021', '14-12-2021', NULL),
(211, 'Lahaul &amp; Spiti', 13, '14-12-2021', '14-12-2021', NULL),
(212, 'Mandi', 13, '14-12-2021', '14-12-2021', NULL),
(213, 'Shimla', 13, '14-12-2021', '14-12-2021', NULL),
(214, 'Sirmaur (Sirmour)', 13, '14-12-2021', '14-12-2021', NULL),
(215, 'Solan', 13, '14-12-2021', '14-12-2021', NULL),
(216, 'Una', 13, '14-12-2021', '14-12-2021', NULL),
(217, 'Anantnag', 14, '14-12-2021', '14-12-2021', NULL),
(218, 'Bandipore', 14, '14-12-2021', '14-12-2021', NULL),
(219, 'Baramulla', 14, '14-12-2021', '14-12-2021', NULL),
(220, 'Budgam', 14, '14-12-2021', '14-12-2021', NULL),
(221, 'Doda', 14, '14-12-2021', '14-12-2021', NULL),
(222, 'Ganderbal', 14, '14-12-2021', '14-12-2021', NULL),
(223, 'Jammu', 14, '14-12-2021', '14-12-2021', NULL),
(224, 'Kargil', 14, '14-12-2021', '14-12-2021', NULL),
(225, 'Kathua', 14, '14-12-2021', '14-12-2021', NULL),
(226, 'Kishtwar', 14, '14-12-2021', '14-12-2021', NULL),
(227, 'Kulgam', 14, '14-12-2021', '14-12-2021', NULL),
(228, 'Kupwara', 14, '14-12-2021', '14-12-2021', NULL),
(229, 'Leh', 14, '14-12-2021', '14-12-2021', NULL),
(230, 'Poonch', 14, '14-12-2021', '14-12-2021', NULL),
(231, 'Pulwama', 14, '14-12-2021', '14-12-2021', NULL),
(232, 'Rajouri', 14, '14-12-2021', '14-12-2021', NULL),
(233, 'Ramban', 14, '14-12-2021', '14-12-2021', NULL),
(234, 'Reasi', 14, '14-12-2021', '14-12-2021', NULL),
(235, 'Samba', 14, '14-12-2021', '14-12-2021', NULL),
(236, 'Shopian', 14, '14-12-2021', '14-12-2021', NULL),
(237, 'Srinagar', 14, '14-12-2021', '14-12-2021', NULL),
(238, 'Udhampur', 14, '14-12-2021', '14-12-2021', NULL),
(239, 'Bokaro', 15, '14-12-2021', '14-12-2021', NULL),
(240, 'Chatra', 15, '14-12-2021', '14-12-2021', NULL),
(241, 'Deoghar', 15, '14-12-2021', '14-12-2021', NULL),
(242, 'Dhanbad', 15, '14-12-2021', '14-12-2021', NULL),
(243, 'Dumka', 15, '14-12-2021', '14-12-2021', NULL),
(244, 'East Singhbhum', 15, '14-12-2021', '14-12-2021', NULL),
(245, 'Garhwa', 15, '14-12-2021', '14-12-2021', NULL),
(246, 'Giridih', 15, '14-12-2021', '14-12-2021', NULL),
(247, 'Godda', 15, '14-12-2021', '14-12-2021', NULL),
(248, 'Gumla', 15, '14-12-2021', '14-12-2021', NULL),
(249, 'Hazaribag', 15, '14-12-2021', '14-12-2021', NULL),
(250, 'Jamtara', 15, '14-12-2021', '14-12-2021', NULL),
(251, 'Khunti', 15, '14-12-2021', '14-12-2021', NULL),
(252, 'Koderma', 15, '14-12-2021', '14-12-2021', NULL),
(253, 'Latehar', 15, '14-12-2021', '14-12-2021', NULL),
(254, 'Lohardaga', 15, '14-12-2021', '14-12-2021', NULL),
(255, 'Pakur', 15, '14-12-2021', '14-12-2021', NULL),
(256, 'Palamu', 15, '14-12-2021', '14-12-2021', NULL),
(257, 'Ramgarh', 15, '14-12-2021', '14-12-2021', NULL),
(258, 'Ranchi', 15, '14-12-2021', '14-12-2021', NULL),
(259, 'Sahibganj', 15, '14-12-2021', '14-12-2021', NULL),
(260, 'Seraikela-Kharsawan', 15, '14-12-2021', '14-12-2021', NULL),
(261, 'Simdega', 15, '14-12-2021', '14-12-2021', NULL),
(262, 'West Singhbhum', 15, '14-12-2021', '14-12-2021', NULL),
(263, 'Bagalkot', 16, '14-12-2021', '14-12-2021', NULL),
(264, 'Ballari (Bellary)', 16, '14-12-2021', '14-12-2021', NULL),
(265, 'Belagavi (Belgaum)', 16, '14-12-2021', '14-12-2021', NULL),
(266, 'Bengaluru (Bangalore) Rur', 16, '14-12-2021', '14-12-2021', NULL),
(267, 'Bengaluru (Bangalore) Urb', 16, '14-12-2021', '14-12-2021', NULL),
(268, 'Bidar', 16, '14-12-2021', '14-12-2021', NULL),
(269, 'Chamarajanagar', 16, '14-12-2021', '14-12-2021', NULL),
(270, 'Chikballapur', 16, '14-12-2021', '14-12-2021', NULL),
(271, 'Chikkamagaluru (Chikmagal', 16, '14-12-2021', '14-12-2021', NULL),
(272, 'Chitradurga', 16, '14-12-2021', '14-12-2021', NULL),
(273, 'Dakshina Kannada', 16, '14-12-2021', '14-12-2021', NULL),
(274, 'Davangere', 16, '14-12-2021', '14-12-2021', NULL),
(275, 'Dharwad', 16, '14-12-2021', '14-12-2021', NULL),
(276, 'Gadag', 16, '14-12-2021', '14-12-2021', NULL),
(277, 'Hassan', 16, '14-12-2021', '14-12-2021', NULL),
(278, 'Haveri', 16, '14-12-2021', '14-12-2021', NULL),
(279, 'Kalaburagi (Gulbarga)', 16, '14-12-2021', '14-12-2021', NULL),
(280, 'Kodagu', 16, '14-12-2021', '14-12-2021', NULL),
(281, 'Kolar', 16, '14-12-2021', '14-12-2021', NULL),
(282, 'Koppal', 16, '14-12-2021', '14-12-2021', NULL),
(283, 'Mandya', 16, '14-12-2021', '14-12-2021', NULL),
(284, 'Mysuru (Mysore)', 16, '14-12-2021', '14-12-2021', NULL),
(285, 'Raichur', 16, '14-12-2021', '14-12-2021', NULL),
(286, 'Ramanagara', 16, '14-12-2021', '14-12-2021', NULL),
(287, 'Shivamogga (Shimoga)', 16, '14-12-2021', '14-12-2021', NULL),
(288, 'Tumakuru (Tumkur)', 16, '14-12-2021', '14-12-2021', NULL),
(289, 'Udupi', 16, '14-12-2021', '14-12-2021', NULL),
(290, 'Uttara Kannada (Karwar)', 16, '14-12-2021', '14-12-2021', NULL),
(291, 'Vijayapura (Bijapur)', 16, '14-12-2021', '14-12-2021', NULL),
(292, 'Yadgir', 16, '14-12-2021', '14-12-2021', NULL),
(293, 'Alappuzha', 17, '14-12-2021', '14-12-2021', NULL),
(294, 'Ernakulam', 17, '14-12-2021', '14-12-2021', NULL),
(295, 'Idukki', 17, '14-12-2021', '14-12-2021', NULL),
(296, 'Kannur', 17, '14-12-2021', '14-12-2021', NULL),
(297, 'Kasaragod', 17, '14-12-2021', '14-12-2021', NULL),
(298, 'Kollam', 17, '14-12-2021', '14-12-2021', NULL),
(299, 'Kottayam', 17, '14-12-2021', '14-12-2021', NULL),
(300, 'Kozhikode', 17, '14-12-2021', '14-12-2021', NULL),
(301, 'Malappuram', 17, '14-12-2021', '14-12-2021', NULL),
(302, 'Palakkad', 17, '14-12-2021', '14-12-2021', NULL),
(303, 'Pathanamthitta', 17, '14-12-2021', '14-12-2021', NULL),
(304, 'Thiruvananthapuram', 17, '14-12-2021', '14-12-2021', NULL),
(305, 'Thrissur', 17, '14-12-2021', '14-12-2021', NULL),
(306, 'Wayanad', 17, '14-12-2021', '14-12-2021', NULL),
(307, 'Agatti', 18, '14-12-2021', '14-12-2021', NULL),
(308, 'Amini', 18, '14-12-2021', '14-12-2021', NULL),
(309, 'Androth', 18, '14-12-2021', '14-12-2021', NULL),
(310, 'Bithra', 18, '14-12-2021', '14-12-2021', NULL),
(311, 'Chethlath', 18, '14-12-2021', '14-12-2021', NULL),
(312, 'Kavaratti', 18, '14-12-2021', '14-12-2021', NULL),
(313, 'Kadmath', 18, '14-12-2021', '14-12-2021', NULL),
(314, 'Kalpeni', 18, '14-12-2021', '14-12-2021', NULL),
(315, 'Kilthan', 18, '14-12-2021', '14-12-2021', NULL),
(316, 'Minicoy', 18, '14-12-2021', '14-12-2021', NULL),
(317, 'Agar Malwa', 19, '14-12-2021', '14-12-2021', NULL),
(318, 'Alirajpur', 19, '14-12-2021', '14-12-2021', NULL),
(319, 'Anuppur', 19, '14-12-2021', '14-12-2021', NULL),
(320, 'Ashoknagar', 19, '14-12-2021', '14-12-2021', NULL),
(321, 'Balaghat', 19, '14-12-2021', '14-12-2021', NULL),
(322, 'Barwani', 19, '14-12-2021', '14-12-2021', NULL),
(323, 'Betul', 19, '14-12-2021', '14-12-2021', NULL),
(324, 'Bhind', 19, '14-12-2021', '14-12-2021', NULL),
(325, 'Bhopal', 19, '14-12-2021', '14-12-2021', NULL),
(326, 'Burhanpur', 19, '14-12-2021', '14-12-2021', NULL),
(327, 'Chhatarpur', 19, '14-12-2021', '14-12-2021', NULL),
(328, 'Chhindwara', 19, '14-12-2021', '14-12-2021', NULL),
(329, 'Damoh', 19, '14-12-2021', '14-12-2021', NULL),
(330, 'Datia', 19, '14-12-2021', '14-12-2021', NULL),
(331, 'Dewas', 19, '14-12-2021', '14-12-2021', NULL),
(332, 'Dhar', 19, '14-12-2021', '14-12-2021', NULL),
(333, 'Dindori', 19, '14-12-2021', '14-12-2021', NULL),
(334, 'Guna', 19, '14-12-2021', '14-12-2021', NULL),
(335, 'Gwalior', 19, '14-12-2021', '14-12-2021', NULL),
(336, 'Harda', 19, '14-12-2021', '14-12-2021', NULL),
(337, 'Hoshangabad', 19, '14-12-2021', '14-12-2021', NULL),
(338, 'Indore', 19, '14-12-2021', '14-12-2021', NULL),
(339, 'Jabalpur', 19, '14-12-2021', '14-12-2021', NULL),
(340, 'Jhabua', 19, '14-12-2021', '14-12-2021', NULL),
(341, 'Katni', 19, '14-12-2021', '14-12-2021', NULL),
(342, 'Khandwa', 19, '14-12-2021', '14-12-2021', NULL),
(343, 'Khargone', 19, '14-12-2021', '14-12-2021', NULL),
(344, 'Mandla', 19, '14-12-2021', '14-12-2021', NULL),
(345, 'Mandsaur', 19, '14-12-2021', '14-12-2021', NULL),
(346, 'Morena', 19, '14-12-2021', '14-12-2021', NULL),
(347, 'Narsinghpur', 19, '14-12-2021', '14-12-2021', NULL),
(348, 'Neemuch', 19, '14-12-2021', '14-12-2021', NULL),
(349, 'Panna', 19, '14-12-2021', '14-12-2021', NULL),
(350, 'Raisen', 19, '14-12-2021', '14-12-2021', NULL),
(351, 'Rajgarh', 19, '14-12-2021', '14-12-2021', NULL),
(352, 'Ratlam', 19, '14-12-2021', '14-12-2021', NULL),
(353, 'Rewa', 19, '14-12-2021', '14-12-2021', NULL),
(354, 'Sagar', 19, '14-12-2021', '14-12-2021', NULL),
(355, 'Satna', 19, '14-12-2021', '14-12-2021', NULL),
(356, 'Sehore', 19, '14-12-2021', '14-12-2021', NULL),
(357, 'Seoni', 19, '14-12-2021', '14-12-2021', NULL),
(358, 'Shahdol', 19, '14-12-2021', '14-12-2021', NULL),
(359, 'Shajapur', 19, '14-12-2021', '14-12-2021', NULL),
(360, 'Sheopur', 19, '14-12-2021', '14-12-2021', NULL),
(361, 'Shivpuri', 19, '14-12-2021', '14-12-2021', NULL),
(362, 'Sidhi', 19, '14-12-2021', '14-12-2021', NULL),
(363, 'Singrauli', 19, '14-12-2021', '14-12-2021', NULL),
(364, 'Tikamgarh', 19, '14-12-2021', '14-12-2021', NULL),
(365, 'Ujjain', 19, '14-12-2021', '14-12-2021', NULL),
(366, 'Umaria', 19, '14-12-2021', '14-12-2021', NULL),
(367, 'Vidisha', 19, '14-12-2021', '14-12-2021', NULL),
(368, 'Ahmednagar', 20, '14-12-2021', '14-12-2021', NULL),
(369, 'Akola', 20, '14-12-2021', '14-12-2021', NULL),
(370, 'Amravati', 20, '14-12-2021', '14-12-2021', NULL),
(371, 'Aurangabad', 20, '14-12-2021', '14-12-2021', NULL),
(372, 'Beed', 20, '14-12-2021', '14-12-2021', NULL),
(373, 'Bhandara', 20, '14-12-2021', '14-12-2021', NULL),
(374, 'Buldhana', 20, '14-12-2021', '14-12-2021', NULL),
(375, 'Chandrapur', 20, '14-12-2021', '14-12-2021', NULL),
(376, 'Dhule', 20, '14-12-2021', '14-12-2021', NULL),
(377, 'Gadchiroli', 20, '14-12-2021', '14-12-2021', NULL),
(378, 'Gondia', 20, '14-12-2021', '14-12-2021', NULL),
(379, 'Hingoli', 20, '14-12-2021', '14-12-2021', NULL),
(380, 'Jalgaon', 20, '14-12-2021', '14-12-2021', NULL),
(381, 'Jalna', 20, '14-12-2021', '14-12-2021', NULL),
(382, 'Kolhapur', 20, '14-12-2021', '14-12-2021', NULL),
(383, 'Latur', 20, '14-12-2021', '14-12-2021', NULL),
(384, 'Mumbai City', 20, '14-12-2021', '14-12-2021', NULL),
(385, 'Mumbai Suburban', 20, '14-12-2021', '14-12-2021', NULL),
(386, 'Nagpur', 20, '14-12-2021', '14-12-2021', NULL),
(387, 'Nanded', 20, '14-12-2021', '14-12-2021', NULL),
(388, 'Nandurbar', 20, '14-12-2021', '14-12-2021', NULL),
(389, 'Nashik', 20, '14-12-2021', '14-12-2021', NULL),
(390, 'Osmanabad', 20, '14-12-2021', '14-12-2021', NULL),
(391, 'Palghar', 20, '14-12-2021', '14-12-2021', NULL),
(392, 'Parbhani', 20, '14-12-2021', '14-12-2021', NULL),
(393, 'Pune', 20, '14-12-2021', '14-12-2021', NULL),
(394, 'Raigad', 20, '14-12-2021', '14-12-2021', NULL),
(395, 'Ratnagiri', 20, '14-12-2021', '14-12-2021', NULL),
(396, 'Sangli', 20, '14-12-2021', '14-12-2021', NULL),
(397, 'Satara', 20, '14-12-2021', '14-12-2021', NULL),
(398, 'Sindhudurg', 20, '14-12-2021', '14-12-2021', NULL),
(399, 'Solapur', 20, '14-12-2021', '14-12-2021', NULL),
(400, 'Thane', 20, '14-12-2021', '14-12-2021', NULL),
(401, 'Wardha', 20, '14-12-2021', '14-12-2021', NULL),
(402, 'Washim', 20, '14-12-2021', '14-12-2021', NULL),
(403, 'Yavatmal', 20, '14-12-2021', '14-12-2021', NULL),
(404, 'Bishnupur', 21, '14-12-2021', '14-12-2021', NULL),
(405, 'Chandel', 21, '14-12-2021', '14-12-2021', NULL),
(406, 'Churachandpur', 21, '14-12-2021', '14-12-2021', NULL),
(407, 'Imphal East', 21, '14-12-2021', '14-12-2021', NULL),
(408, 'Imphal West', 21, '14-12-2021', '14-12-2021', NULL),
(409, 'Jiribam', 21, '14-12-2021', '14-12-2021', NULL),
(410, 'Kakching', 21, '14-12-2021', '14-12-2021', NULL),
(411, 'Kamjong', 21, '14-12-2021', '14-12-2021', NULL),
(412, 'Kangpokpi', 21, '14-12-2021', '14-12-2021', NULL),
(413, 'Noney', 21, '14-12-2021', '14-12-2021', NULL),
(414, 'Pherzawl', 21, '14-12-2021', '14-12-2021', NULL),
(415, 'Senapati', 21, '14-12-2021', '14-12-2021', NULL),
(416, 'Tamenglong', 21, '14-12-2021', '14-12-2021', NULL),
(417, 'Tengnoupal', 21, '14-12-2021', '14-12-2021', NULL),
(418, 'Thoubal', 21, '14-12-2021', '14-12-2021', NULL),
(419, 'Ukhrul', 21, '14-12-2021', '14-12-2021', NULL),
(420, 'East Garo Hills', 22, '14-12-2021', '14-12-2021', NULL),
(421, 'East Jaintia Hills', 22, '14-12-2021', '14-12-2021', NULL),
(422, 'East Khasi Hills', 22, '14-12-2021', '14-12-2021', NULL),
(423, 'North Garo Hills', 22, '14-12-2021', '14-12-2021', NULL),
(424, 'Ri Bhoi', 22, '14-12-2021', '14-12-2021', NULL),
(425, 'South Garo Hills', 22, '14-12-2021', '14-12-2021', NULL),
(426, 'South West Garo Hills ', 22, '14-12-2021', '14-12-2021', NULL),
(427, 'South West Khasi Hills', 22, '14-12-2021', '14-12-2021', NULL),
(428, 'West Garo Hills', 22, '14-12-2021', '14-12-2021', NULL),
(429, 'West Jaintia Hills', 22, '14-12-2021', '14-12-2021', NULL),
(430, 'West Khasi Hills', 22, '14-12-2021', '14-12-2021', NULL),
(431, 'Aizawl', 23, '14-12-2021', '14-12-2021', NULL),
(432, 'Champhai', 23, '14-12-2021', '14-12-2021', NULL),
(433, 'Kolasib', 23, '14-12-2021', '14-12-2021', NULL),
(434, 'Lawngtlai', 23, '14-12-2021', '14-12-2021', NULL),
(435, 'Lunglei', 23, '14-12-2021', '14-12-2021', NULL),
(436, 'Mamit', 23, '14-12-2021', '14-12-2021', NULL),
(437, 'Saiha', 23, '14-12-2021', '14-12-2021', NULL),
(438, 'Serchhip', 23, '14-12-2021', '14-12-2021', NULL),
(439, 'Dimapur', 24, '14-12-2021', '14-12-2021', NULL),
(440, 'Kiphire', 24, '14-12-2021', '14-12-2021', NULL),
(441, 'Kohima', 24, '14-12-2021', '14-12-2021', NULL),
(442, 'Longleng', 24, '14-12-2021', '14-12-2021', NULL),
(443, 'Mokokchung', 24, '14-12-2021', '14-12-2021', NULL),
(444, 'Mon', 24, '14-12-2021', '14-12-2021', NULL),
(445, 'Peren', 24, '14-12-2021', '14-12-2021', NULL),
(446, 'Phek', 24, '14-12-2021', '14-12-2021', NULL),
(447, 'Tuensang', 24, '14-12-2021', '14-12-2021', NULL),
(448, 'Wokha', 24, '14-12-2021', '14-12-2021', NULL),
(449, 'Zunheboto', 24, '14-12-2021', '14-12-2021', NULL),
(450, 'Angul', 25, '14-12-2021', '14-12-2021', NULL),
(451, 'Balangir', 25, '14-12-2021', '14-12-2021', NULL),
(452, 'Balasore', 25, '14-12-2021', '14-12-2021', NULL),
(453, 'Bargarh', 25, '14-12-2021', '14-12-2021', NULL),
(454, 'Bhadrak', 25, '14-12-2021', '14-12-2021', NULL),
(455, 'Boudh', 25, '14-12-2021', '14-12-2021', NULL),
(456, 'Cuttack', 25, '14-12-2021', '14-12-2021', NULL),
(457, 'Deogarh', 25, '14-12-2021', '14-12-2021', NULL),
(458, 'Dhenkanal', 25, '14-12-2021', '14-12-2021', NULL),
(459, 'Gajapati', 25, '14-12-2021', '14-12-2021', NULL),
(460, 'Ganjam', 25, '14-12-2021', '14-12-2021', NULL),
(461, 'Jagatsinghapur', 25, '14-12-2021', '14-12-2021', NULL),
(462, 'Jajpur', 25, '14-12-2021', '14-12-2021', NULL),
(463, 'Jharsuguda', 25, '14-12-2021', '14-12-2021', NULL),
(464, 'Kalahandi', 25, '14-12-2021', '14-12-2021', NULL),
(465, 'Kandhamal', 25, '14-12-2021', '14-12-2021', NULL),
(466, 'Kendrapara', 25, '14-12-2021', '14-12-2021', NULL),
(467, 'Kendujhar (Keonjhar)', 25, '14-12-2021', '14-12-2021', NULL),
(468, 'Khordha', 25, '14-12-2021', '14-12-2021', NULL),
(469, 'Koraput', 25, '14-12-2021', '14-12-2021', NULL),
(470, 'Malkangiri', 25, '14-12-2021', '14-12-2021', NULL),
(471, 'Mayurbhanj', 25, '14-12-2021', '14-12-2021', NULL),
(472, 'Nabarangpur', 25, '14-12-2021', '14-12-2021', NULL),
(473, 'Nayagarh', 25, '14-12-2021', '14-12-2021', NULL),
(474, 'Nuapada', 25, '14-12-2021', '14-12-2021', NULL),
(475, 'Puri', 25, '14-12-2021', '14-12-2021', NULL),
(476, 'Rayagada', 25, '14-12-2021', '14-12-2021', NULL),
(477, 'Sambalpur', 25, '14-12-2021', '14-12-2021', NULL),
(478, 'Sonepur', 25, '14-12-2021', '14-12-2021', NULL),
(479, 'Sundargarh', 25, '14-12-2021', '14-12-2021', NULL),
(480, 'Karaikal', 26, '14-12-2021', '14-12-2021', NULL),
(481, 'Mahe', 26, '14-12-2021', '14-12-2021', NULL),
(482, 'Pondicherry', 26, '14-12-2021', '14-12-2021', NULL),
(483, 'Yanam', 26, '14-12-2021', '14-12-2021', NULL),
(484, 'Amritsar', 27, '14-12-2021', '14-12-2021', NULL),
(485, 'Barnala', 27, '14-12-2021', '14-12-2021', NULL),
(486, 'Bathinda', 27, '14-12-2021', '14-12-2021', NULL),
(487, 'Faridkot', 27, '14-12-2021', '14-12-2021', NULL),
(488, 'Fatehgarh Sahib', 27, '14-12-2021', '14-12-2021', NULL),
(489, 'Fazilka', 27, '14-12-2021', '14-12-2021', NULL),
(490, 'Ferozepur', 27, '14-12-2021', '14-12-2021', NULL),
(491, 'Gurdaspur', 27, '14-12-2021', '14-12-2021', NULL),
(492, 'Hoshiarpur', 27, '14-12-2021', '14-12-2021', NULL),
(493, 'Jalandhar', 27, '14-12-2021', '14-12-2021', NULL),
(494, 'Kapurthala', 27, '14-12-2021', '14-12-2021', NULL),
(495, 'Ludhiana', 27, '14-12-2021', '14-12-2021', NULL),
(496, 'Mansa', 27, '14-12-2021', '14-12-2021', NULL),
(497, 'Moga', 27, '14-12-2021', '14-12-2021', NULL),
(498, 'Muktsar', 27, '14-12-2021', '14-12-2021', NULL),
(499, 'Nawanshahr (Shahid Bhagat', 27, '14-12-2021', '14-12-2021', NULL),
(500, 'Pathankot', 27, '14-12-2021', '14-12-2021', NULL),
(501, 'Patiala', 27, '14-12-2021', '14-12-2021', NULL),
(502, 'Rupnagar', 27, '14-12-2021', '14-12-2021', NULL),
(503, 'Sahibzada Ajit Singh Naga', 27, '14-12-2021', '14-12-2021', NULL),
(504, 'Sangrur', 27, '14-12-2021', '14-12-2021', NULL),
(505, 'Tarn Taran', 27, '14-12-2021', '14-12-2021', NULL),
(506, 'Ajmer', 28, '14-12-2021', '14-12-2021', NULL),
(507, 'Alwar', 28, '14-12-2021', '14-12-2021', NULL),
(508, 'Banswara', 28, '14-12-2021', '14-12-2021', NULL),
(509, 'Baran', 28, '14-12-2021', '14-12-2021', NULL),
(510, 'Barmer', 28, '14-12-2021', '14-12-2021', NULL),
(511, 'Bharatpur', 28, '14-12-2021', '14-12-2021', NULL),
(512, 'Bhilwara', 28, '14-12-2021', '14-12-2021', NULL),
(513, 'Bikaner', 28, '14-12-2021', '14-12-2021', NULL),
(514, 'Bundi', 28, '14-12-2021', '14-12-2021', NULL),
(515, 'Chittorgarh', 28, '14-12-2021', '14-12-2021', NULL),
(516, 'Churu', 28, '14-12-2021', '14-12-2021', NULL),
(517, 'Dausa', 28, '14-12-2021', '14-12-2021', NULL),
(518, 'Dholpur', 28, '14-12-2021', '14-12-2021', NULL),
(519, 'Dungarpur', 28, '14-12-2021', '14-12-2021', NULL),
(520, 'Hanumangarh', 28, '14-12-2021', '14-12-2021', NULL),
(521, 'Jaipur', 28, '14-12-2021', '14-12-2021', NULL),
(522, 'Jaisalmer', 28, '14-12-2021', '14-12-2021', NULL),
(523, 'Jalore', 28, '14-12-2021', '14-12-2021', NULL),
(524, 'Jhalawar', 28, '14-12-2021', '14-12-2021', NULL),
(525, 'Jhunjhunu', 28, '14-12-2021', '14-12-2021', NULL),
(526, 'Jodhpur', 28, '14-12-2021', '14-12-2021', NULL),
(527, 'Karauli', 28, '14-12-2021', '14-12-2021', NULL),
(528, 'Kota', 28, '14-12-2021', '14-12-2021', NULL),
(529, 'Nagaur', 28, '14-12-2021', '14-12-2021', NULL),
(530, 'Pali', 28, '14-12-2021', '14-12-2021', NULL),
(531, 'Pratapgarh', 28, '14-12-2021', '14-12-2021', NULL),
(532, 'Rajsamand', 28, '14-12-2021', '14-12-2021', NULL),
(533, 'Sawai Madhopur', 28, '14-12-2021', '14-12-2021', NULL),
(534, 'Sikar', 28, '14-12-2021', '14-12-2021', NULL),
(535, 'Sirohi', 28, '14-12-2021', '14-12-2021', NULL),
(536, 'Sri Ganganagar', 28, '14-12-2021', '14-12-2021', NULL),
(537, 'Tonk', 28, '14-12-2021', '14-12-2021', NULL),
(538, 'Udaipur', 28, '14-12-2021', '14-12-2021', NULL),
(539, 'East Sikkim', 29, '14-12-2021', '14-12-2021', NULL),
(540, 'North Sikkim', 29, '14-12-2021', '14-12-2021', NULL),
(541, 'South Sikkim', 29, '14-12-2021', '14-12-2021', NULL),
(542, 'West Sikkim', 29, '14-12-2021', '14-12-2021', NULL),
(543, 'Ariyalur', 30, '14-12-2021', '14-12-2021', NULL),
(544, 'Chennai', 30, '14-12-2021', '14-12-2021', NULL),
(545, 'Coimbatore', 30, '14-12-2021', '14-12-2021', NULL),
(546, 'Cuddalore', 30, '14-12-2021', '14-12-2021', NULL),
(547, 'Dharmapuri', 30, '14-12-2021', '14-12-2021', NULL),
(548, 'Dindigul', 30, '14-12-2021', '14-12-2021', NULL),
(549, 'Erode', 30, '14-12-2021', '14-12-2021', NULL),
(550, 'Kanchipuram', 30, '14-12-2021', '14-12-2021', NULL),
(551, 'Kanyakumari', 30, '14-12-2021', '14-12-2021', NULL),
(552, 'Karur', 30, '14-12-2021', '14-12-2021', NULL),
(553, 'Krishnagiri', 30, '14-12-2021', '14-12-2021', NULL),
(554, 'Madurai', 30, '14-12-2021', '14-12-2021', NULL),
(555, 'Nagapattinam', 30, '14-12-2021', '14-12-2021', NULL),
(556, 'Namakkal', 30, '14-12-2021', '14-12-2021', NULL),
(557, 'Nilgiris', 30, '14-12-2021', '14-12-2021', NULL),
(558, 'Perambalur', 30, '14-12-2021', '14-12-2021', NULL),
(559, 'Pudukkottai', 30, '14-12-2021', '14-12-2021', NULL),
(560, 'Ramanathapuram', 30, '14-12-2021', '14-12-2021', NULL),
(561, 'Salem', 30, '14-12-2021', '14-12-2021', NULL),
(562, 'Sivaganga', 30, '14-12-2021', '14-12-2021', NULL),
(563, 'Thanjavur', 30, '14-12-2021', '14-12-2021', NULL),
(564, 'Theni', 30, '14-12-2021', '14-12-2021', NULL),
(565, 'Thoothukudi (Tuticorin)', 30, '14-12-2021', '14-12-2021', NULL),
(566, 'Tiruchirappalli', 30, '14-12-2021', '14-12-2021', NULL),
(567, 'Tirunelveli', 30, '14-12-2021', '14-12-2021', NULL),
(568, 'Tiruppur', 30, '14-12-2021', '14-12-2021', NULL),
(569, 'Tiruvallur', 30, '14-12-2021', '14-12-2021', NULL),
(570, 'Tiruvannamalai', 30, '14-12-2021', '14-12-2021', NULL),
(571, 'Tiruvarur', 30, '14-12-2021', '14-12-2021', NULL),
(572, 'Vellore', 30, '14-12-2021', '14-12-2021', NULL),
(573, 'Viluppuram', 30, '14-12-2021', '14-12-2021', NULL),
(574, 'Virudhunagar', 30, '14-12-2021', '14-12-2021', NULL),
(575, 'Adilabad', 31, '14-12-2021', '14-12-2021', NULL),
(576, 'Bhadradri Kothagudem', 31, '14-12-2021', '14-12-2021', NULL),
(577, 'Hyderabad', 31, '14-12-2021', '14-12-2021', NULL),
(578, 'Jagtial', 31, '14-12-2021', '14-12-2021', NULL),
(579, 'Jangaon', 31, '14-12-2021', '14-12-2021', NULL),
(580, 'Jayashankar Bhoopalpally', 31, '14-12-2021', '14-12-2021', NULL),
(581, 'Jogulamba Gadwal', 31, '14-12-2021', '14-12-2021', NULL),
(582, 'Kamareddy', 31, '14-12-2021', '14-12-2021', NULL),
(583, 'Karimnagar', 31, '14-12-2021', '14-12-2021', NULL),
(584, 'Khammam', 31, '14-12-2021', '14-12-2021', NULL),
(585, 'Komaram Bheem Asifabad', 31, '14-12-2021', '14-12-2021', NULL),
(586, 'Mahabubabad', 31, '14-12-2021', '14-12-2021', NULL),
(587, 'Mahabubnagar', 31, '14-12-2021', '14-12-2021', NULL),
(588, 'Mancherial', 31, '14-12-2021', '14-12-2021', NULL),
(589, 'Medak', 31, '14-12-2021', '14-12-2021', NULL),
(590, 'Medchal', 31, '14-12-2021', '14-12-2021', NULL),
(591, 'Nagarkurnool', 31, '14-12-2021', '14-12-2021', NULL),
(592, 'Nalgonda', 31, '14-12-2021', '14-12-2021', NULL),
(593, 'Nirmal', 31, '14-12-2021', '14-12-2021', NULL),
(594, 'Nizamabad', 31, '14-12-2021', '14-12-2021', NULL),
(595, 'Peddapalli', 31, '14-12-2021', '14-12-2021', NULL),
(596, 'Rajanna Sircilla', 31, '14-12-2021', '14-12-2021', NULL),
(597, 'Rangareddy', 31, '14-12-2021', '14-12-2021', NULL),
(598, 'Sangareddy', 31, '14-12-2021', '14-12-2021', NULL),
(599, 'Siddipet', 31, '14-12-2021', '14-12-2021', NULL),
(600, 'Suryapet', 31, '14-12-2021', '14-12-2021', NULL),
(601, 'Vikarabad', 31, '14-12-2021', '14-12-2021', NULL),
(602, 'Wanaparthy', 31, '14-12-2021', '14-12-2021', NULL),
(603, 'Warangal (Rural)', 31, '14-12-2021', '14-12-2021', NULL),
(604, 'Warangal (Urban)', 31, '14-12-2021', '14-12-2021', NULL),
(605, 'Yadadri Bhuvanagiri', 31, '14-12-2021', '14-12-2021', NULL),
(606, 'Dhalai', 32, '14-12-2021', '14-12-2021', NULL),
(607, 'Gomati', 32, '14-12-2021', '14-12-2021', NULL),
(608, 'Khowai', 32, '14-12-2021', '14-12-2021', NULL),
(609, 'North Tripura', 32, '14-12-2021', '14-12-2021', NULL),
(610, 'Sepahijala', 32, '14-12-2021', '14-12-2021', NULL),
(611, 'South Tripura', 32, '14-12-2021', '14-12-2021', NULL),
(612, 'Unakoti', 32, '14-12-2021', '14-12-2021', NULL),
(613, 'West Tripura', 32, '14-12-2021', '14-12-2021', NULL),
(614, 'Almora', 33, '14-12-2021', '14-12-2021', NULL),
(615, 'Bageshwar', 33, '14-12-2021', '14-12-2021', NULL),
(616, 'Chamoli', 33, '14-12-2021', '14-12-2021', NULL),
(617, 'Champawat', 33, '14-12-2021', '14-12-2021', NULL),
(618, 'Dehradun', 33, '14-12-2021', '14-12-2021', NULL),
(619, 'Haridwar', 33, '14-12-2021', '14-12-2021', NULL),
(620, 'Nainital', 33, '14-12-2021', '14-12-2021', NULL),
(621, 'Pauri Garhwal', 33, '14-12-2021', '14-12-2021', NULL),
(622, 'Pithoragarh', 33, '14-12-2021', '14-12-2021', NULL),
(623, 'Rudraprayag', 33, '14-12-2021', '14-12-2021', NULL),
(624, 'Tehri Garhwal', 33, '14-12-2021', '14-12-2021', NULL),
(625, 'Udham Singh Nagar', 33, '14-12-2021', '14-12-2021', NULL),
(626, 'Uttarkashi', 33, '14-12-2021', '14-12-2021', NULL),
(627, 'Agra', 34, '14-12-2021', '14-12-2021', NULL),
(628, 'Aligarh', 34, '14-12-2021', '14-12-2021', NULL),
(629, 'Allahabad', 34, '14-12-2021', '14-12-2021', NULL),
(630, 'Ambedkar Nagar', 34, '14-12-2021', '14-12-2021', NULL),
(631, 'Amethi (Chatrapati Sahuji', 34, '14-12-2021', '14-12-2021', NULL),
(632, 'Amroha (J.P. Nagar)', 34, '14-12-2021', '14-12-2021', NULL),
(633, 'Auraiya', 34, '14-12-2021', '14-12-2021', NULL),
(634, 'Azamgarh', 34, '14-12-2021', '14-12-2021', NULL),
(635, 'Baghpat', 34, '14-12-2021', '14-12-2021', NULL),
(636, 'Bahraich', 34, '14-12-2021', '14-12-2021', NULL),
(637, 'Ballia', 34, '14-12-2021', '14-12-2021', NULL),
(638, 'Balrampur', 34, '14-12-2021', '14-12-2021', NULL),
(639, 'Banda', 34, '14-12-2021', '14-12-2021', NULL),
(640, 'Barabanki', 34, '14-12-2021', '14-12-2021', NULL),
(641, 'Bareilly', 34, '14-12-2021', '14-12-2021', NULL),
(642, 'Basti', 34, '14-12-2021', '14-12-2021', NULL),
(643, 'Bhadohi', 34, '14-12-2021', '14-12-2021', NULL),
(644, 'Bijnor', 34, '14-12-2021', '14-12-2021', NULL),
(645, 'Budaun', 34, '14-12-2021', '14-12-2021', NULL),
(646, 'Bulandshahr', 34, '14-12-2021', '14-12-2021', NULL),
(647, 'Chandauli', 34, '14-12-2021', '14-12-2021', NULL),
(648, 'Chitrakoot', 34, '14-12-2021', '14-12-2021', NULL),
(649, 'Deoria', 34, '14-12-2021', '14-12-2021', NULL),
(650, 'Etah', 34, '14-12-2021', '14-12-2021', NULL),
(651, 'Etawah', 34, '14-12-2021', '14-12-2021', NULL),
(652, 'Faizabad', 34, '14-12-2021', '14-12-2021', NULL),
(653, 'Farrukhabad', 34, '14-12-2021', '14-12-2021', NULL),
(654, 'Fatehpur', 34, '14-12-2021', '14-12-2021', NULL),
(655, 'Firozabad', 34, '14-12-2021', '14-12-2021', NULL),
(656, 'Gautam Buddha Nagar', 34, '14-12-2021', '14-12-2021', NULL),
(657, 'Ghaziabad', 34, '14-12-2021', '14-12-2021', NULL),
(658, 'Ghazipur', 34, '14-12-2021', '14-12-2021', NULL),
(659, 'Gonda', 34, '14-12-2021', '14-12-2021', NULL),
(660, 'Gorakhpur', 34, '14-12-2021', '14-12-2021', NULL),
(661, 'Hamirpur', 34, '14-12-2021', '14-12-2021', NULL),
(662, 'Hapur (Panchsheel Nagar)', 34, '14-12-2021', '14-12-2021', NULL),
(663, 'Hardoi', 34, '14-12-2021', '14-12-2021', NULL),
(664, 'Hathras', 34, '14-12-2021', '14-12-2021', NULL),
(665, 'Jalaun', 34, '14-12-2021', '14-12-2021', NULL),
(666, 'Jaunpur', 34, '14-12-2021', '14-12-2021', NULL),
(667, 'Jhansi', 34, '14-12-2021', '14-12-2021', NULL),
(668, 'Kannauj', 34, '14-12-2021', '14-12-2021', NULL),
(669, 'Kanpur Dehat', 34, '14-12-2021', '14-12-2021', NULL),
(670, 'Kanpur Nagar', 34, '14-12-2021', '14-12-2021', NULL),
(671, 'Kanshiram Nagar (Kasganj)', 34, '14-12-2021', '14-12-2021', NULL),
(672, 'Kaushambi', 34, '14-12-2021', '14-12-2021', NULL),
(673, 'Kushinagar (Padrauna)', 34, '14-12-2021', '14-12-2021', NULL),
(674, 'Lakhimpur - Kheri', 34, '14-12-2021', '14-12-2021', NULL),
(675, 'Lalitpur', 34, '14-12-2021', '14-12-2021', NULL),
(676, 'Lucknow', 34, '14-12-2021', '14-12-2021', NULL),
(677, 'Maharajganj', 34, '14-12-2021', '14-12-2021', NULL),
(678, 'Mahoba', 34, '14-12-2021', '14-12-2021', NULL),
(679, 'Mainpuri', 34, '14-12-2021', '14-12-2021', NULL),
(680, 'Mathura', 34, '14-12-2021', '14-12-2021', NULL),
(681, 'Mau', 34, '14-12-2021', '14-12-2021', NULL),
(682, 'Meerut', 34, '14-12-2021', '14-12-2021', NULL),
(683, 'Mirzapur', 34, '14-12-2021', '14-12-2021', NULL),
(684, 'Moradabad', 34, '14-12-2021', '14-12-2021', NULL),
(685, 'Muzaffarnagar', 34, '14-12-2021', '14-12-2021', NULL),
(686, 'Pilibhit', 34, '14-12-2021', '14-12-2021', NULL),
(687, 'Pratapgarh', 34, '14-12-2021', '14-12-2021', NULL),
(688, 'RaeBareli', 34, '14-12-2021', '14-12-2021', NULL),
(689, 'Rampur', 34, '14-12-2021', '14-12-2021', NULL),
(690, 'Saharanpur', 34, '14-12-2021', '14-12-2021', NULL),
(691, 'Sambhal (Bhim Nagar)', 34, '14-12-2021', '14-12-2021', NULL),
(692, 'Sant Kabir Nagar', 34, '14-12-2021', '14-12-2021', NULL),
(693, 'Shahjahanpur', 34, '14-12-2021', '14-12-2021', NULL),
(694, 'Shamali (Prabuddh Nagar)', 34, '14-12-2021', '14-12-2021', NULL),
(695, 'Shravasti', 34, '14-12-2021', '14-12-2021', NULL),
(696, 'Siddharth Nagar', 34, '14-12-2021', '14-12-2021', NULL),
(697, 'Sitapur', 34, '14-12-2021', '14-12-2021', NULL),
(698, 'Sonbhadra', 34, '14-12-2021', '14-12-2021', NULL),
(699, 'Sultanpur', 34, '14-12-2021', '14-12-2021', NULL),
(700, 'Unnao', 34, '14-12-2021', '14-12-2021', NULL),
(701, 'Varanasi', 34, '14-12-2021', '14-12-2021', NULL),
(702, 'Alipurduar', 35, '14-12-2021', '14-12-2021', NULL),
(703, 'Bankura', 35, '14-12-2021', '14-12-2021', NULL),
(704, 'Birbhum', 35, '14-12-2021', '14-12-2021', NULL),
(705, 'Burdwan (Bardhaman)', 35, '14-12-2021', '14-12-2021', NULL),
(706, 'Cooch Behar', 35, '14-12-2021', '14-12-2021', NULL),
(707, 'Dakshin Dinajpur (South D', 35, '14-12-2021', '14-12-2021', NULL),
(708, 'Darjeeling', 35, '14-12-2021', '14-12-2021', NULL),
(709, 'Hooghly', 35, '14-12-2021', '14-12-2021', NULL),
(710, 'Howrah', 35, '14-12-2021', '14-12-2021', NULL),
(711, 'Jalpaiguri', 35, '14-12-2021', '14-12-2021', NULL),
(712, 'Kalimpong', 35, '14-12-2021', '14-12-2021', NULL),
(713, 'Kolkata', 35, '14-12-2021', '14-12-2021', NULL),
(714, 'Malda', 35, '14-12-2021', '14-12-2021', NULL),
(715, 'Murshidabad', 35, '14-12-2021', '14-12-2021', NULL),
(716, 'Nadia', 35, '14-12-2021', '14-12-2021', NULL),
(717, 'North 24 Parganas', 35, '14-12-2021', '14-12-2021', NULL),
(718, 'Paschim Medinipur (West M', 35, '14-12-2021', '14-12-2021', NULL),
(719, 'Purba Medinipur (East Med', 35, '14-12-2021', '14-12-2021', NULL),
(720, 'Purulia', 35, '14-12-2021', '14-12-2021', NULL),
(721, 'South 24 Parganas', 35, '14-12-2021', '14-12-2021', NULL),
(722, 'Uttar Dinajpur (North Din', 35, '14-12-2021', '14-12-2021', NULL);

-- --------------------------------------------------------

--
-- Table structure for table `education`
--

CREATE TABLE `education` (
  `id` int(5) UNSIGNED NOT NULL,
  `education` varchar(50) NOT NULL,
  `qualification` varchar(50) NOT NULL
) ENGINE=InnoDB DEFAULT CHARSET=utf8mb4;

--
-- Dumping data for table `education`
--

INSERT INTO `education` (`id`, `education`, `qualification`) VALUES
(1, 'GRADUATE', 'BSC'),
(2, 'PRIMARY', 'VI'),
(3, 'PG', 'MA'),
(4, 'GRADUATE', 'BCOM'),
(5, 'PG', 'MA BED'),
(6, 'PG', 'MSC BED'),
(7, 'GRADUATE', 'BA'),
(8, 'MATRIC', 'MATRIC'),
(9, 'LITERATE', 'I'),
(10, 'ILLITERATE', '-'),
(11, 'PRIMARY', 'PRIMARY'),
(12, 'GRADUATE', 'BCA'),
(13, 'MATRIC', 'XII'),
(14, 'UNDER MATRIC', 'VIII'),
(15, 'MATRIC', 'x'),
(16, 'PROFESSIONAL', 'BTECH'),
(17, 'UNDER GRADUATE', 'BCOM II'),
(18, 'UNDER MATRIC', 'IX'),
(19, 'LITERATE', 'II');

-- --------------------------------------------------------

--
-- Table structure for table `favorite_members`
--

CREATE TABLE `favorite_members` (
  `id` int(11) UNSIGNED NOT NULL,
  `user_id` int(11) UNSIGNED NOT NULL,
  `favorite_user_id` int(11) UNSIGNED NOT NULL
) ENGINE=InnoDB DEFAULT CHARSET=utf8mb4;

--
-- Dumping data for table `favorite_members`
--

INSERT INTO `favorite_members` (`id`, `user_id`, `favorite_user_id`) VALUES
(36, 1, 4),
(37, 1, 2),
(40, 1, 5),
(42, 1, 1);

-- --------------------------------------------------------

--
-- Table structure for table `gotras`
--

CREATE TABLE `gotras` (
  `id` int(5) UNSIGNED NOT NULL,
  `gotra` varchar(25) NOT NULL,
  `created_at` varchar(25) DEFAULT NULL,
  `updated_at` varchar(25) DEFAULT NULL,
  `deleted_at` varchar(25) DEFAULT NULL
) ENGINE=InnoDB DEFAULT CHARSET=utf8mb4;

--
-- Dumping data for table `gotras`
--

INSERT INTO `gotras` (`id`, `gotra`, `created_at`, `updated_at`, `deleted_at`) VALUES
(1, 'ANWA', '16-12-2021', '16-12-2021', NULL),
(2, 'APTE (GAVISHTHAR)', '16-12-2021', '16-12-2021', NULL),
(3, 'ASARA', '16-12-2021', '16-12-2021', NULL),
(4, 'ASDEV (JATUKARNY)', '16-12-2021', '16-12-2021', NULL),
(5, 'ASIWAL (VID)', '16-12-2021', '16-12-2021', NULL),
(6, 'ASLIA (VATS)', '16-12-2021', '16-12-2021', NULL),
(7, 'ASLIYA(VATS)', '16-12-2021', '16-12-2021', NULL),
(8, 'AASALIYA (VATS)', '16-12-2021', '16-12-2021', NULL),
(9, 'ATHONA', '16-12-2021', '16-12-2021', NULL),
(10, 'ATLI (VATSYA)', '16-12-2021', '16-12-2021', NULL),
(11, 'ABHEER', '16-12-2021', '16-12-2021', NULL),
(12, 'ABHOJE (BHARDWAJ)', '16-12-2021', '16-12-2021', NULL),
(13, 'ADA', '16-12-2021', '16-12-2021', NULL),
(14, 'ADAWADIYA (VATSYA)', '16-12-2021', '16-12-2021', NULL),
(15, 'ADHICHWAL(VATSYA)', '16-12-2021', '16-12-2021', NULL),
(16, 'ADHINA', '16-12-2021', '16-12-2021', NULL),
(17, 'ADHOTRE (BHARDWAJ)', '16-12-2021', '16-12-2021', NULL),
(18, 'ADICHWAL (VATSYA)', '16-12-2021', '16-12-2021', NULL),
(19, 'ADUDIYA(KONDINYA)', '16-12-2021', '16-12-2021', NULL),
(20, 'ADULIYA', '16-12-2021', '16-12-2021', NULL),
(21, 'AGASI (GAUTAM)', '16-12-2021', '16-12-2021', NULL),
(22, 'AGAN (KASHYAP)', '16-12-2021', '16-12-2021', NULL),
(23, 'AGNIHOTRI(VAMDEV)', '16-12-2021', '16-12-2021', NULL),
(24, 'AGNYA (KASHYAP)', '16-12-2021', '16-12-2021', NULL),
(25, 'AGORI (KONDINYA)', '16-12-2021', '16-12-2021', NULL),
(26, 'AHARODIYA (UPMANYU)', '16-12-2021', '16-12-2021', NULL),
(27, 'AHAWASI(VID)', '16-12-2021', '16-12-2021', NULL),
(28, 'AHRODIA (UPMANYU)', '16-12-2021', '16-12-2021', NULL),
(29, 'AHRODIYA (UPMANYU)', '16-12-2021', '16-12-2021', NULL),
(30, 'AIDEVA', '16-12-2021', '16-12-2021', NULL),
(31, 'AJARIA', '16-12-2021', '16-12-2021', NULL),
(32, 'AJARIYA', '16-12-2021', '16-12-2021', NULL),
(33, 'AJAYPALIYA (VID)', '16-12-2021', '16-12-2021', NULL),
(34, 'AJMERA (BHARDWAJ)', '16-12-2021', '16-12-2021', NULL),
(35, 'AJODIYA(VID)', '16-12-2021', '16-12-2021', NULL),
(36, 'AKFODA', '16-12-2021', '16-12-2021', NULL),
(37, 'AKHALYA (VASHISHTH)', '16-12-2021', '16-12-2021', NULL),
(38, 'AKSHYA (VATSYA)', '16-12-2021', '16-12-2021', NULL),
(39, 'ALMORA(VASHISHTH)', '16-12-2021', '16-12-2021', NULL),
(40, 'ALODIYA (GAVISHTHAR)', '16-12-2021', '16-12-2021', NULL),
(41, 'ALORIYA', '16-12-2021', '16-12-2021', NULL),
(42, 'ALUDIYA', '16-12-2021', '16-12-2021', NULL),
(43, 'ALWARIA(MUDGAL)', '16-12-2021', '16-12-2021', NULL),
(44, 'AMARA (KONDINYA)', '16-12-2021', '16-12-2021', NULL),
(45, 'AMARANIA', '16-12-2021', '16-12-2021', NULL),
(46, 'AMARPURIA (BHARDWAJ)', '16-12-2021', '16-12-2021', NULL),
(47, 'AMEDKAR(KONDINYA)', '16-12-2021', '16-12-2021', NULL),
(48, 'AMERA (DIRGHTAMA)', '16-12-2021', '16-12-2021', NULL),
(49, 'AMOWAL', '16-12-2021', '16-12-2021', NULL),
(50, 'AMROTHIA (DIRGHTAMA)', '16-12-2021', '16-12-2021', NULL),
(51, 'AMROTHIYA(DIRGHTAMA)', '16-12-2021', '16-12-2021', NULL),
(52, 'ANANTIA (KONDINYA)', '16-12-2021', '16-12-2021', NULL),
(53, 'ANDHIWAL (AGHAMRSHAN)', '16-12-2021', '16-12-2021', NULL),
(54, 'ANTAR (UPMANYU)', '16-12-2021', '16-12-2021', NULL),
(55, 'ANTER(BHARDWAJ)', '16-12-2021', '16-12-2021', NULL),
(56, 'ARAL', '16-12-2021', '16-12-2021', NULL),
(57, 'ARADHIYA (DIRGHTAMA)', '16-12-2021', '16-12-2021', NULL),
(58, 'ARDEWAL (KASHYAP)', '16-12-2021', '16-12-2021', NULL),
(59, 'ARHADIY', '16-12-2021', '16-12-2021', NULL),
(60, 'ARICHWAL (VATSYA)', '16-12-2021', '16-12-2021', NULL),
(61, 'ARODIYA (UPMANYU)', '16-12-2021', '16-12-2021', NULL),
(62, 'ARSHWAL (VATSYA)', '16-12-2021', '16-12-2021', NULL),
(63, 'ARUNDWAL(RIKSHU)', '16-12-2021', '16-12-2021', NULL),
(64, 'ASADEV (JATUKARNY)', '16-12-2021', '16-12-2021', NULL),
(65, 'ASADIA', '16-12-2021', '16-12-2021', NULL),
(66, 'ASALSARA (JATUKARNY)', '16-12-2021', '16-12-2021', NULL),
(67, 'ASALWAL(JATUKARNY)', '16-12-2021', '16-12-2021', NULL),
(68, 'ASALYA (VATS)', '16-12-2021', '16-12-2021', NULL),
(69, 'ASANTOL (BHARDWAJ)', '16-12-2021', '16-12-2021', NULL),
(70, 'ASAWALIYA', '16-12-2021', '16-12-2021', NULL),
(71, 'ASDEVA(JATUKARNY)', '16-12-2021', '16-12-2021', NULL),
(72, 'ASDEWAL (GAUTAM)', '16-12-2021', '16-12-2021', NULL),
(73, 'ASHALIYA (VATS)', '16-12-2021', '16-12-2021', NULL),
(74, 'ASHTASAHASTRA (GAVISHTHAR', '16-12-2021', '16-12-2021', NULL),
(75, 'ASIWALIA', '16-12-2021', '16-12-2021', NULL),
(76, 'ASLAYA (VATS)', '16-12-2021', '16-12-2021', NULL),
(77, 'ASLIWAL', '16-12-2021', '16-12-2021', NULL),
(78, 'ASOYA (GAUTAM)', '16-12-2021', '16-12-2021', NULL),
(79, 'ASPAL', '16-12-2021', '16-12-2021', NULL),
(80, 'ASROIYA', '16-12-2021', '16-12-2021', NULL),
(81, 'ASU (GAVISHTHAR)', '16-12-2021', '16-12-2021', NULL),
(82, 'ATAL (VATSYA)', '16-12-2021', '16-12-2021', NULL),
(83, 'ATALI(VATSYA)', '16-12-2021', '16-12-2021', NULL),
(84, 'ATHARWA (RIKSHU)', '16-12-2021', '16-12-2021', NULL),
(85, 'ATHAWASIA (VAMDEV)', '16-12-2021', '16-12-2021', NULL),
(86, 'ATHEWA', '16-12-2021', '16-12-2021', NULL),
(87, 'ATHVANIA(VAMDEV)', '16-12-2021', '16-12-2021', NULL),
(88, 'ATHWASI (VAMDEV)', '16-12-2021', '16-12-2021', NULL),
(89, 'ATHWASIYA (VAMDEV)', '16-12-2021', '16-12-2021', NULL),
(90, 'ATHWASYA (VAMDEV)', '16-12-2021', '16-12-2021', NULL),
(91, 'ATKOLIA(GAVISHTHAR)', '16-12-2021', '16-12-2021', NULL),
(92, 'ATMARIA (VID)', '16-12-2021', '16-12-2021', NULL),
(93, 'ATROLIYA', '16-12-2021', '16-12-2021', NULL),
(94, 'AUTHANA', '16-12-2021', '16-12-2021', NULL),
(95, 'AWASTHI(KASHYAP)', '16-12-2021', '16-12-2021', NULL),
(96, 'BARU (GAVISHTHAR)', '16-12-2021', '16-12-2021', NULL),
(97, 'BASODA (VASHISHTH)', '16-12-2021', '16-12-2021', NULL),
(98, 'BAUCH (VASHISHTH)', '16-12-2021', '16-12-2021', NULL),
(99, 'BAWLIA (VID)', '16-12-2021', '16-12-2021', NULL),
(100, 'BABAR', '16-12-2021', '16-12-2021', NULL),
(101, 'BABERWAL (VAMDEV)', '16-12-2021', '16-12-2021', NULL),
(102, 'BABLIYA (VID)', '16-12-2021', '16-12-2021', NULL),
(103, 'BABORIYA (VATSYA)', '16-12-2021', '16-12-2021', NULL),
(104, 'BADAN (KONDINYA)', '16-12-2021', '16-12-2021', NULL),
(105, 'BADARKA (KASHYAP)', '16-12-2021', '16-12-2021', NULL),
(106, 'BADAWARIA(LOGAKSHI)', '16-12-2021', '16-12-2021', NULL),
(107, 'BADAY', '16-12-2021', '16-12-2021', NULL),
(108, 'BADBADWAL', '16-12-2021', '16-12-2021', NULL),
(109, 'BADBARE', '16-12-2021', '16-12-2021', NULL),
(110, 'BADELAVA', '16-12-2021', '16-12-2021', NULL),
(111, 'BADELWA', '16-12-2021', '16-12-2021', NULL),
(112, 'BADHANIA', '16-12-2021', '16-12-2021', NULL),
(113, 'BADHMAR', '16-12-2021', '16-12-2021', NULL),
(114, 'BADJATYA', '16-12-2021', '16-12-2021', NULL),
(115, 'BADKAR (AGHAMRSHAN)', '16-12-2021', '16-12-2021', NULL),
(116, 'BADLAWA', '16-12-2021', '16-12-2021', NULL),
(117, 'BADLE (KASHYAP)', '16-12-2021', '16-12-2021', NULL),
(118, 'BADLYA', '16-12-2021', '16-12-2021', NULL),
(119, 'BADODIYA (KASHYAP)', '16-12-2021', '16-12-2021', NULL),
(120, 'BADRANIA', '16-12-2021', '16-12-2021', NULL),
(121, 'BADUKIA (SHANDILYA)', '16-12-2021', '16-12-2021', NULL),
(122, 'BADWAL (SHANDILYA)', '16-12-2021', '16-12-2021', NULL),
(123, 'BADWALIA', '16-12-2021', '16-12-2021', NULL),
(124, 'BADWANIA (LOGAKSHI)', '16-12-2021', '16-12-2021', NULL),
(125, 'BAEDA (VASHISHTH)', '16-12-2021', '16-12-2021', NULL),
(126, 'BAGH', '16-12-2021', '16-12-2021', NULL),
(127, 'BAGHMAR (KONDINYA)', '16-12-2021', '16-12-2021', NULL),
(128, 'BAHANDIA', '16-12-2021', '16-12-2021', NULL),
(129, 'BAHDOL (UPMANYU)', '16-12-2021', '16-12-2021', NULL),
(130, 'BAHENIA(RIKSHU)', '16-12-2021', '16-12-2021', NULL),
(131, 'BAIRAMADA', '16-12-2021', '16-12-2021', NULL),
(132, 'BAIYA', '16-12-2021', '16-12-2021', NULL),
(133, 'BAJHEDIA', '16-12-2021', '16-12-2021', NULL),
(134, 'BAJHELIA', '16-12-2021', '16-12-2021', NULL),
(135, 'BAJHERIA', '16-12-2021', '16-12-2021', NULL),
(136, 'BAJODIA (LOGAKSHI)', '16-12-2021', '16-12-2021', NULL),
(137, 'BAKEEYA (UPMANYU)', '16-12-2021', '16-12-2021', NULL),
(138, 'BAKNA', '16-12-2021', '16-12-2021', NULL),
(139, 'BAKUSYA (JATUKARNY)', '16-12-2021', '16-12-2021', NULL),
(140, 'BALADIYA (VATS)', '16-12-2021', '16-12-2021', NULL),
(141, 'BALDAWA (VATS)', '16-12-2021', '16-12-2021', NULL),
(142, 'BALDAYA (VATS)', '16-12-2021', '16-12-2021', NULL),
(143, 'BALDIYA (VATS)', '16-12-2021', '16-12-2021', NULL),
(144, 'BALDUA (VATS)', '16-12-2021', '16-12-2021', NULL),
(145, 'BALDUWA (VATS)', '16-12-2021', '16-12-2021', NULL),
(146, 'BALDWA (VATS)', '16-12-2021', '16-12-2021', NULL),
(147, 'BALECHA', '16-12-2021', '16-12-2021', NULL),
(148, 'BALORIA (AGHAMRSHAN)', '16-12-2021', '16-12-2021', NULL),
(149, 'BALUDIA', '16-12-2021', '16-12-2021', NULL),
(150, 'BAMALA (GAUTAM)', '16-12-2021', '16-12-2021', NULL),
(151, 'BAMANIA (KASHYAP)', '16-12-2021', '16-12-2021', NULL),
(152, 'BAMAR', '16-12-2021', '16-12-2021', NULL),
(153, 'BAMARIYA', '16-12-2021', '16-12-2021', NULL),
(154, 'BAMBAR (VATS)', '16-12-2021', '16-12-2021', NULL),
(155, 'BAMBHORIA (RIKSHU)', '16-12-2021', '16-12-2021', NULL),
(156, 'BAMBORIA (RIKSHU)', '16-12-2021', '16-12-2021', NULL),
(157, 'BAMNINAYA', '16-12-2021', '16-12-2021', NULL),
(158, 'BAMORIA', '16-12-2021', '16-12-2021', NULL),
(159, 'BAMSODIA (RIKSHU)', '16-12-2021', '16-12-2021', NULL),
(160, 'BANDANIA', '16-12-2021', '16-12-2021', NULL),
(161, 'BANDARIA (GAUTAM)', '16-12-2021', '16-12-2021', NULL),
(162, 'BANDAWADIA (SHANDILYA)', '16-12-2021', '16-12-2021', NULL),
(163, 'BANDELA', '16-12-2021', '16-12-2021', NULL),
(164, 'BANSODIA (RIKSHU)', '16-12-2021', '16-12-2021', NULL),
(165, 'BANSRIWAL (VASHISHTH)', '16-12-2021', '16-12-2021', NULL),
(166, 'BANUDA(VASHISHTH)', '16-12-2021', '16-12-2021', NULL),
(167, 'BARADWA (KONDINYA)', '16-12-2021', '16-12-2021', NULL),
(168, 'BARANIA', '16-12-2021', '16-12-2021', NULL),
(169, 'BARARI (VAMDEV)', '16-12-2021', '16-12-2021', NULL),
(170, 'BARAWAS (LOGAKSHI)', '16-12-2021', '16-12-2021', NULL),
(171, 'BARDANIA', '16-12-2021', '16-12-2021', NULL),
(172, 'BARDAVA (KONDINYA)', '16-12-2021', '16-12-2021', NULL),
(173, 'BARDAWA (KONDINYA)', '16-12-2021', '16-12-2021', NULL),
(174, 'BARDDWA(KONDINYA)', '16-12-2021', '16-12-2021', NULL),
(175, 'BARDHAWA (KONDINYA)', '16-12-2021', '16-12-2021', NULL),
(176, 'BARDUA (KONDINYA)', '16-12-2021', '16-12-2021', NULL),
(177, 'BARDUWA (KONDINYA)', '16-12-2021', '16-12-2021', NULL),
(178, 'BARDWA (KONDINYA)', '16-12-2021', '16-12-2021', NULL),
(179, 'BARELIABISAYATI', '16-12-2021', '16-12-2021', NULL),
(180, 'BARHANIA', '16-12-2021', '16-12-2021', NULL),
(181, 'BARIWAL (MUDGAL)', '16-12-2021', '16-12-2021', NULL),
(182, 'BARJANIA(AGHAMRSHAN)', '16-12-2021', '16-12-2021', NULL),
(183, 'BARNALE', '16-12-2021', '16-12-2021', NULL),
(184, 'BARNELA (VAMDEV)', '16-12-2021', '16-12-2021', NULL),
(185, 'BARODIA (KASHYAP)', '16-12-2021', '16-12-2021', NULL),
(186, 'BARSIDI(VATSYA)', '16-12-2021', '16-12-2021', NULL),
(187, 'BARWADIA (VATS)', '16-12-2021', '16-12-2021', NULL),
(188, 'BARYA', '16-12-2021', '16-12-2021', NULL),
(189, 'BAS (VASHISHTH)', '16-12-2021', '16-12-2021', NULL),
(190, 'BASDAVA', '16-12-2021', '16-12-2021', NULL),
(191, 'BASHRIWAL (VASHISHTH)', '16-12-2021', '16-12-2021', NULL),
(192, 'BASOLIA (KONDINYA)', '16-12-2021', '16-12-2021', NULL),
(193, 'BATFALIA (VATS)', '16-12-2021', '16-12-2021', NULL),
(194, 'BATHONIA(RIKSHU)', '16-12-2021', '16-12-2021', NULL),
(195, 'BAUD (VID)', '16-12-2021', '16-12-2021', NULL),
(196, 'BAWALIA (VID)', '16-12-2021', '16-12-2021', NULL),
(197, 'BAWARIA (VATSYA)', '16-12-2021', '16-12-2021', NULL),
(198, 'BAWERWAL', '16-12-2021', '16-12-2021', NULL),
(199, 'BAWORIA (VATSYA)', '16-12-2021', '16-12-2021', NULL),
(200, 'BAZARA GOTHWAL', '16-12-2021', '16-12-2021', NULL),
(201, 'BEDA (DIRGHTAMA)', '16-12-2021', '16-12-2021', NULL),
(202, 'BEDHAD(VASHISHTH)', '16-12-2021', '16-12-2021', NULL),
(203, 'BEDIHYA (KASHYAP)', '16-12-2021', '16-12-2021', NULL),
(204, 'BEDIWAL (VASHISHTH)', '16-12-2021', '16-12-2021', NULL),
(205, 'BEGAD', '16-12-2021', '16-12-2021', NULL),
(206, 'BEHAL', '16-12-2021', '16-12-2021', NULL),
(207, 'BEKHANI (UPMANYU)', '16-12-2021', '16-12-2021', NULL),
(208, 'BELWAL (GAVISHTHAR)', '16-12-2021', '16-12-2021', NULL),
(209, 'BEMWATI (BHARDWAJ)', '16-12-2021', '16-12-2021', NULL),
(210, 'BENOS', '16-12-2021', '16-12-2021', NULL),
(211, 'BENWAR (VASHISHTH)', '16-12-2021', '16-12-2021', NULL),
(212, 'BERASADYA (GAVISHTHAR)', '16-12-2021', '16-12-2021', NULL),
(213, 'BERIWAL (SHANDILYA)', '16-12-2021', '16-12-2021', NULL),
(214, 'BERWAL (BHARDWAJ)', '16-12-2021', '16-12-2021', NULL),
(215, 'BEWAL (VASHISHTH)', '16-12-2021', '16-12-2021', NULL),
(216, 'BHABHORIA (VATS)', '16-12-2021', '16-12-2021', NULL),
(217, 'BHACHNOCHA', '16-12-2021', '16-12-2021', NULL),
(218, 'BHACHRECHA', '16-12-2021', '16-12-2021', NULL),
(219, 'BHADANIA (VID)', '16-12-2021', '16-12-2021', NULL),
(220, 'BHADARIA', '16-12-2021', '16-12-2021', NULL),
(221, 'BHADAWA (KONDINYA)', '16-12-2021', '16-12-2021', NULL),
(222, 'BHADDWAL (BHARDWAJ)', '16-12-2021', '16-12-2021', NULL),
(223, 'BHADELWAL (VID)', '16-12-2021', '16-12-2021', NULL),
(224, 'BHADERCHA (VATSYA)', '16-12-2021', '16-12-2021', NULL),
(225, 'BHADERIA (BHARDWAJ)', '16-12-2021', '16-12-2021', NULL),
(226, 'BHADGOL(VASHISHTH)', '16-12-2021', '16-12-2021', NULL),
(227, 'BHADIWAL (VATSYA)', '16-12-2021', '16-12-2021', NULL),
(228, 'BHADIYE', '16-12-2021', '16-12-2021', NULL),
(229, 'BHADNIA (VAMDEV)', '16-12-2021', '16-12-2021', NULL),
(230, 'BHADOLIA(GAUTAM)', '16-12-2021', '16-12-2021', NULL),
(231, 'BHADRECHA (VATSYA)', '16-12-2021', '16-12-2021', NULL),
(232, 'BHADRIYA', '16-12-2021', '16-12-2021', NULL),
(233, 'BHADWAL (BHARDWAJ)', '16-12-2021', '16-12-2021', NULL),
(234, 'BHADWANIA(VAMDEV)', '16-12-2021', '16-12-2021', NULL),
(235, 'BHAGERWA (BHARDWAJ)', '16-12-2021', '16-12-2021', NULL),
(236, 'BHAGORA (VID)', '16-12-2021', '16-12-2021', NULL),
(237, 'BHAGORATHI (GAVISHTHAR)', '16-12-2021', '16-12-2021', NULL),
(238, 'BHAGWATI(BHARDWAJ)', '16-12-2021', '16-12-2021', NULL),
(239, 'BHAHIYE', '16-12-2021', '16-12-2021', NULL),
(240, 'BHAIRVADIA', '16-12-2021', '16-12-2021', NULL),
(241, 'BHAIYA (VASHISHTH)', '16-12-2021', '16-12-2021', NULL),
(242, 'BHAJORIA(KASHYAP)', '16-12-2021', '16-12-2021', NULL),
(243, 'BHAKRECHA (GAUTAM)', '16-12-2021', '16-12-2021', NULL),
(244, 'BHAKRODA (UPMANYU)', '16-12-2021', '16-12-2021', NULL),
(245, 'BHALOTHIA (KONDINYA)', '16-12-2021', '16-12-2021', NULL),
(246, 'BHAMODIA', '16-12-2021', '16-12-2021', NULL),
(247, 'BHAMORIA', '16-12-2021', '16-12-2021', NULL),
(248, 'BHAMBHORIYA (VATS)', '16-12-2021', '16-12-2021', NULL),
(249, 'BHANCHKI (UPMANYU)', '16-12-2021', '16-12-2021', NULL),
(250, 'BHANDAD', '16-12-2021', '16-12-2021', NULL),
(251, 'BHANDANIA', '16-12-2021', '16-12-2021', NULL),
(252, 'BHANIYANA', '16-12-2021', '16-12-2021', NULL),
(253, 'BHANKHRECH (GAUTAM)', '16-12-2021', '16-12-2021', NULL),
(254, 'BHANKRODA (VATS)', '16-12-2021', '16-12-2021', NULL),
(255, 'BHANORIA (SHANDILYA)', '16-12-2021', '16-12-2021', NULL),
(256, 'BHARANIA', '16-12-2021', '16-12-2021', NULL),
(257, 'BHARBHOOTA (VID)', '16-12-2021', '16-12-2021', NULL),
(258, 'BHARDWAJ', '16-12-2021', '16-12-2021', NULL),
(259, 'BHARDWAJI (BHARDWAJ)', '16-12-2021', '16-12-2021', NULL),
(260, 'BHARGAVA (GAVISHTHAR)', '16-12-2021', '16-12-2021', NULL),
(261, 'BHARI (VID)', '16-12-2021', '16-12-2021', NULL),
(262, 'BHARTHANA(VAMDEV)', '16-12-2021', '16-12-2021', NULL),
(263, 'BHASIA (VID)', '16-12-2021', '16-12-2021', NULL),
(264, 'BHATAHE (VASHISHTH)', '16-12-2021', '16-12-2021', NULL),
(265, 'BHATODADA (UPMANYU)', '16-12-2021', '16-12-2021', NULL),
(266, 'BHAVDEL(KASHYAP)', '16-12-2021', '16-12-2021', NULL),
(267, 'BHAVLEL', '16-12-2021', '16-12-2021', NULL),
(268, 'BHAVREL', '16-12-2021', '16-12-2021', NULL),
(269, 'BHAVROTHIA (VAMDEV)', '16-12-2021', '16-12-2021', NULL),
(270, 'BHAWAN', '16-12-2021', '16-12-2021', NULL),
(271, 'BHAWARDODA (VATS)', '16-12-2021', '16-12-2021', NULL),
(272, 'BHAWARLAL (VATS)', '16-12-2021', '16-12-2021', NULL),
(273, 'BHAWDEL', '16-12-2021', '16-12-2021', NULL),
(274, 'BHAWREL (GAVISHTHAR)', '16-12-2021', '16-12-2021', NULL),
(275, 'BHAYAL', '16-12-2021', '16-12-2021', NULL),
(276, 'BHED', '16-12-2021', '16-12-2021', NULL),
(277, 'BHEDA (JATUKARNY)', '16-12-2021', '16-12-2021', NULL),
(278, 'BHEDIA (JATUKARNY)', '16-12-2021', '16-12-2021', NULL),
(279, 'BHEDIYA (JATUKARNY)', '16-12-2021', '16-12-2021', NULL),
(280, 'BHEDUWAL', '16-12-2021', '16-12-2021', NULL),
(281, 'BHEERUKA (JATUKARNY)', '16-12-2021', '16-12-2021', NULL),
(282, 'BHELE(AGHAMRSHAN)', '16-12-2021', '16-12-2021', NULL),
(283, 'BHERANIA (UPMANYU)', '16-12-2021', '16-12-2021', NULL),
(284, 'BHIDYAL (JATUKARNY)', '16-12-2021', '16-12-2021', NULL),
(285, 'BHIRANIA (BHARDWAJ)', '16-12-2021', '16-12-2021', NULL),
(286, 'BHIRASIA(UPMANYU)', '16-12-2021', '16-12-2021', NULL),
(287, 'BHOJAK (KASHYAP)', '16-12-2021', '16-12-2021', NULL),
(288, 'BHOJPATRE (KASHYAP)', '16-12-2021', '16-12-2021', NULL),
(289, 'BHOLE (KONDINYA)', '16-12-2021', '16-12-2021', NULL),
(290, 'BHOLIA(KONDINYA)', '16-12-2021', '16-12-2021', NULL),
(291, 'BHOTIA (VAMDEV)', '16-12-2021', '16-12-2021', NULL),
(292, 'BHRECHA', '16-12-2021', '16-12-2021', NULL),
(293, 'BHUDAD (VAMDEV)', '16-12-2021', '16-12-2021', NULL),
(294, 'BHUDADH (VAMDEV)', '16-12-2021', '16-12-2021', NULL),
(295, 'BHUDAL', '16-12-2021', '16-12-2021', NULL),
(296, 'BHUDAN (KASHYAP)', '16-12-2021', '16-12-2021', NULL),
(297, 'BHUDEV (AGHAMRSHAN)', '16-12-2021', '16-12-2021', NULL),
(298, 'BHUDHAD (VAMDEV)', '16-12-2021', '16-12-2021', NULL),
(299, 'BHUDHAR (VAMDEV)', '16-12-2021', '16-12-2021', NULL),
(300, 'BHUKKANIA (KASHYAP)', '16-12-2021', '16-12-2021', NULL),
(301, 'BHUMIHAR (VAMDEV)', '16-12-2021', '16-12-2021', NULL),
(302, 'BHUNDAD', '16-12-2021', '16-12-2021', NULL),
(303, 'BHUNDADH', '16-12-2021', '16-12-2021', NULL),
(304, 'BHURADA (BHARDWAJ)', '16-12-2021', '16-12-2021', NULL),
(305, 'BHURADIA (BHARDWAJ)', '16-12-2021', '16-12-2021', NULL),
(306, 'BHURANIA (BHARDWAJ)', '16-12-2021', '16-12-2021', NULL),
(307, 'BHURARIA (BHARDWAJ)', '16-12-2021', '16-12-2021', NULL),
(308, 'BHURARIYA (BHARDWAJ)', '16-12-2021', '16-12-2021', NULL),
(309, 'BHURETA (SHANDILYA)', '16-12-2021', '16-12-2021', NULL),
(310, 'BHURIA(SHANDILYA)', '16-12-2021', '16-12-2021', NULL),
(311, 'BHURTHALYA (SHANDILYA)', '16-12-2021', '16-12-2021', NULL),
(312, 'BHUSAL', '16-12-2021', '16-12-2021', NULL),
(313, 'BHUTDIA (VAMDEV)', '16-12-2021', '16-12-2021', NULL),
(314, 'BHUWAL (GAVISHTHAR)', '16-12-2021', '16-12-2021', NULL),
(315, 'BHYAJNIA (GAVISHTHAR)', '16-12-2021', '16-12-2021', NULL),
(316, 'BICHAYATI', '16-12-2021', '16-12-2021', NULL),
(317, 'BICHHANIA (JATUKARNY)', '16-12-2021', '16-12-2021', NULL),
(318, 'BICHHAS', '16-12-2021', '16-12-2021', NULL),
(319, 'BIDODIA', '16-12-2021', '16-12-2021', NULL),
(320, 'BIJANI (GAUTAM)', '16-12-2021', '16-12-2021', NULL),
(321, 'BIJANIA (GAUTAM)', '16-12-2021', '16-12-2021', NULL),
(322, 'BIJANIYA (GAUTAM)', '16-12-2021', '16-12-2021', NULL),
(323, 'BIJNIA (GAUTAM)', '16-12-2021', '16-12-2021', NULL),
(324, 'BILHENIYA', '16-12-2021', '16-12-2021', NULL),
(325, 'BINANIYA', '16-12-2021', '16-12-2021', NULL),
(326, 'BIRANIA', '16-12-2021', '16-12-2021', NULL),
(327, 'BIRANIYA', '16-12-2021', '16-12-2021', NULL),
(328, 'BISAYATI (VATS)', '16-12-2021', '16-12-2021', NULL),
(329, 'BISOTTAR (GAUTAM)', '16-12-2021', '16-12-2021', NULL),
(330, 'BIWAL(VASHISHTH)', '16-12-2021', '16-12-2021', NULL),
(331, 'BIWALKAR (VASHISHTH)', '16-12-2021', '16-12-2021', NULL),
(332, 'BIWAN', '16-12-2021', '16-12-2021', NULL),
(333, 'BIWOY', '16-12-2021', '16-12-2021', NULL),
(334, 'BEESAYATI (VATS)', '16-12-2021', '16-12-2021', NULL),
(335, 'BOCHNIA (VATS)', '16-12-2021', '16-12-2021', NULL),
(336, 'BODALYA (UPMANYU)', '16-12-2021', '16-12-2021', NULL),
(337, 'BODLIYA (UPMANYU)', '16-12-2021', '16-12-2021', NULL),
(338, 'BODLIYE (UPMANYU)', '16-12-2021', '16-12-2021', NULL),
(339, 'BODLYA (UPMANYU)', '16-12-2021', '16-12-2021', NULL),
(340, 'BODNIA (SHANDILYA)', '16-12-2021', '16-12-2021', NULL),
(341, 'BONDLIA', '16-12-2021', '16-12-2021', NULL),
(342, 'BONDLIYA', '16-12-2021', '16-12-2021', NULL),
(343, 'BONDWAL (SHANDILYA)', '16-12-2021', '16-12-2021', NULL),
(344, 'BOODADIYA', '16-12-2021', '16-12-2021', NULL),
(345, 'BOODAL', '16-12-2021', '16-12-2021', NULL),
(346, 'BOODWAL', '16-12-2021', '16-12-2021', NULL),
(347, 'BORAR (KONDINYA)', '16-12-2021', '16-12-2021', NULL),
(348, 'BORIA (RIKSHU)', '16-12-2021', '16-12-2021', NULL),
(349, 'BORLIA (UPMANYU)', '16-12-2021', '16-12-2021', NULL),
(350, 'BORTHARI', '16-12-2021', '16-12-2021', NULL),
(351, 'BORWANIY (VATS)', '16-12-2021', '16-12-2021', NULL),
(352, 'BRAHAMA KSHATRIYA (VATS)', '16-12-2021', '16-12-2021', NULL),
(353, 'BRAHAMAN KSHATRIYA', '16-12-2021', '16-12-2021', NULL),
(354, 'BRAHAMANI (KASHYAP)', '16-12-2021', '16-12-2021', NULL),
(355, 'BRAHAMANIYA (KASHYAP)', '16-12-2021', '16-12-2021', NULL),
(356, 'BRAHM DIXIT', '16-12-2021', '16-12-2021', NULL),
(357, 'BRAHMANGAYA', '16-12-2021', '16-12-2021', NULL),
(358, 'BRAHMKSHATRIY', '16-12-2021', '16-12-2021', NULL),
(359, 'BRAMAN KHATRI', '16-12-2021', '16-12-2021', NULL),
(360, 'BRIJERA (VATS)', '16-12-2021', '16-12-2021', NULL),
(361, 'BUCH BUCHAK (KASHYAP)', '16-12-2021', '16-12-2021', NULL),
(362, 'BUCHARIA(GAUTAM)', '16-12-2021', '16-12-2021', NULL),
(363, 'BUCHITHA (GAUTAM)', '16-12-2021', '16-12-2021', NULL),
(364, 'BUDAD (VAMDEV)', '16-12-2021', '16-12-2021', NULL),
(365, 'BUDADH (VAMDEV)', '16-12-2021', '16-12-2021', NULL),
(366, 'BUDADIYA', '16-12-2021', '16-12-2021', NULL),
(367, 'BUDAL (VAMDEV)', '16-12-2021', '16-12-2021', NULL),
(368, 'BUDDHAD (VAMDEV)', '16-12-2021', '16-12-2021', NULL),
(369, 'BUDDHAH (VAMDEV)', '16-12-2021', '16-12-2021', NULL),
(370, 'BUDDHWANIYA (GAUTAM)', '16-12-2021', '16-12-2021', NULL),
(371, 'BUDHAD (VAMDEV)', '16-12-2021', '16-12-2021', NULL),
(372, 'BUDHAL (VAMDEV)', '16-12-2021', '16-12-2021', NULL),
(373, 'BUDHANIYA (VAMDEV)', '16-12-2021', '16-12-2021', NULL),
(374, 'BUDHWANIA', '16-12-2021', '16-12-2021', NULL),
(375, 'BUDIA (SHANDILYA)', '16-12-2021', '16-12-2021', NULL),
(376, 'BUDWANIA', '16-12-2021', '16-12-2021', NULL),
(377, 'BUNDALWAL', '16-12-2021', '16-12-2021', NULL),
(378, 'BUNDWAL', '16-12-2021', '16-12-2021', NULL),
(379, 'BUOL', '16-12-2021', '16-12-2021', NULL),
(380, 'BURDAK (JATUKARNY)', '16-12-2021', '16-12-2021', NULL),
(381, 'BUWAL (VATSYA)', '16-12-2021', '16-12-2021', NULL),
(382, 'BYATYA', '16-12-2021', '16-12-2021', NULL),
(383, 'BYOPARIA (KASHYAP)', '16-12-2021', '16-12-2021', NULL),
(384, 'BADLIYA', '16-12-2021', '16-12-2021', NULL),
(385, 'CHACHAWA', '16-12-2021', '16-12-2021', NULL),
(386, 'CHACHEWA', '16-12-2021', '16-12-2021', NULL),
(387, 'CHACHEWAL(GAVISHTHAR)', '16-12-2021', '16-12-2021', NULL),
(388, 'CHADIYA', '16-12-2021', '16-12-2021', NULL),
(389, 'CHAGU', '16-12-2021', '16-12-2021', NULL),
(390, 'CHAKOLIYA(KASHYAP)', '16-12-2021', '16-12-2021', NULL),
(391, 'CHALISA(BHARDWAJ)', '16-12-2021', '16-12-2021', NULL),
(392, 'CHALVANSH', '16-12-2021', '16-12-2021', NULL),
(393, 'CHAMPANIYA (MUDGAL)', '16-12-2021', '16-12-2021', NULL),
(394, 'CHAMWEL', '16-12-2021', '16-12-2021', NULL),
(395, 'CHANDAK(LOGAKSHI)', '16-12-2021', '16-12-2021', NULL),
(396, 'CHANDARKAR(VATS)', '16-12-2021', '16-12-2021', NULL),
(397, 'CHANDELA (UPMANYU)', '16-12-2021', '16-12-2021', NULL),
(398, 'CHANDEWA (MUDGAL)', '16-12-2021', '16-12-2021', NULL),
(399, 'CHANDRAPURIA(KONDINYA)', '16-12-2021', '16-12-2021', NULL),
(400, 'CHANI', '16-12-2021', '16-12-2021', NULL),
(401, 'CHANKSENI (VAMDEV)', '16-12-2021', '16-12-2021', NULL),
(402, 'CHANMOL', '16-12-2021', '16-12-2021', NULL),
(403, 'CHANVALA RED', '16-12-2021', '16-12-2021', NULL),
(404, 'CHANVRELIA', '16-12-2021', '16-12-2021', NULL),
(405, 'CHANWEL', '16-12-2021', '16-12-2021', NULL),
(406, 'CHAPATWAL(VATSYA)', '16-12-2021', '16-12-2021', NULL),
(407, 'CHAPKA(BHARDWAJ)', '16-12-2021', '16-12-2021', NULL),
(408, 'CHAPLA(LOGAKSHI)', '16-12-2021', '16-12-2021', NULL),
(409, 'CHARAK (BHARDWAJ)', '16-12-2021', '16-12-2021', NULL),
(410, 'CHARAKHWAL', '16-12-2021', '16-12-2021', NULL),
(411, 'CHARKHIA(GAUTAM)', '16-12-2021', '16-12-2021', NULL),
(412, 'CHARKHIWAL (GAUTAM)', '16-12-2021', '16-12-2021', NULL),
(413, 'CHARKHWAL', '16-12-2021', '16-12-2021', NULL),
(414, 'CHARKHYA', '16-12-2021', '16-12-2021', NULL),
(415, 'CHAROLIYA(MUDGAL)', '16-12-2021', '16-12-2021', NULL),
(416, 'CHARSAL (AGHAMRSHAN)', '16-12-2021', '16-12-2021', NULL),
(417, 'CHARVEL', '16-12-2021', '16-12-2021', NULL),
(418, 'CHARWIA(LOGAKSHI)', '16-12-2021', '16-12-2021', NULL),
(419, 'CHATOLIA', '16-12-2021', '16-12-2021', NULL),
(420, 'CHATOLIYA', '16-12-2021', '16-12-2021', NULL),
(421, 'CHAUHAN', '16-12-2021', '16-12-2021', NULL),
(422, 'CHAWALE (GAVISHTHAR)', '16-12-2021', '16-12-2021', NULL),
(423, 'CHAWEL (KONDINYA)', '16-12-2021', '16-12-2021', NULL),
(424, 'CHAWLA', '16-12-2021', '16-12-2021', NULL),
(425, 'CHAWLALEN', '16-12-2021', '16-12-2021', NULL),
(426, 'CHAWLARED', '16-12-2021', '16-12-2021', NULL),
(427, 'CHEEDHAN(RIKSHU)', '16-12-2021', '16-12-2021', NULL),
(428, 'CHEMA', '16-12-2021', '16-12-2021', NULL),
(429, 'CHENI VASHISHT', '16-12-2021', '16-12-2021', NULL),
(430, 'CHENPURIA(VATS)', '16-12-2021', '16-12-2021', NULL),
(431, 'CHEWAL', '16-12-2021', '16-12-2021', NULL),
(432, 'CHHADEKKA(VASHISHTH)', '16-12-2021', '16-12-2021', NULL),
(433, 'CHHADIA(GAUTAM)', '16-12-2021', '16-12-2021', NULL),
(434, 'CHHADIYA (GAUTAM)', '16-12-2021', '16-12-2021', NULL),
(435, 'CHHAGOLA(GAUTAM)', '16-12-2021', '16-12-2021', NULL),
(436, 'CHHAINPAL', '16-12-2021', '16-12-2021', NULL),
(437, 'CHHAIWALA (VAMDEV)', '16-12-2021', '16-12-2021', NULL),
(438, 'CHHALWAL(VID)', '16-12-2021', '16-12-2021', NULL),
(439, 'CHHALWANT', '16-12-2021', '16-12-2021', NULL),
(440, 'CHHAMNIA (KASHYAP)', '16-12-2021', '16-12-2021', NULL),
(441, 'CHHARANIA', '16-12-2021', '16-12-2021', NULL),
(442, 'CHHAVANCH(DIRGHTAMA)', '16-12-2021', '16-12-2021', NULL),
(443, 'CHHAVANIA', '16-12-2021', '16-12-2021', NULL),
(444, 'CHHAVNIA', '16-12-2021', '16-12-2021', NULL),
(445, 'CHHAWANIA', '16-12-2021', '16-12-2021', NULL),
(446, 'CHHAWDA(VATS)', '16-12-2021', '16-12-2021', NULL),
(447, 'CHHAWET', '16-12-2021', '16-12-2021', NULL),
(448, 'CHHAWNIA', '16-12-2021', '16-12-2021', NULL),
(449, 'CHHICHHOLIA(VATS)', '16-12-2021', '16-12-2021', NULL),
(450, 'CHHICHHOLIYA (VATS)', '16-12-2021', '16-12-2021', NULL),
(451, 'CHHIDIYA', '16-12-2021', '16-12-2021', NULL),
(452, 'CHHKOTTAR(GAUTAM)', '16-12-2021', '16-12-2021', NULL),
(453, 'CHHOCHHOLIA', '16-12-2021', '16-12-2021', NULL),
(454, 'CHICHAK', '16-12-2021', '16-12-2021', NULL),
(455, 'CHICHAWA (VATS)', '16-12-2021', '16-12-2021', NULL),
(456, 'CHICHAWARIA', '16-12-2021', '16-12-2021', NULL),
(457, 'CHICHOLIYA(KONDINYA)', '16-12-2021', '16-12-2021', NULL),
(458, 'CHICHOYA(GAUTAM)', '16-12-2021', '16-12-2021', NULL),
(459, 'CHICHVVA', '16-12-2021', '16-12-2021', NULL),
(460, 'CHIDIYA', '16-12-2021', '16-12-2021', NULL),
(461, 'CHIFELKAR (GAUTAM)', '16-12-2021', '16-12-2021', NULL),
(462, 'CHILWAL', '16-12-2021', '16-12-2021', NULL),
(463, 'CHINCHAWA', '16-12-2021', '16-12-2021', NULL),
(464, 'CHITANIA(KONDINYA)', '16-12-2021', '16-12-2021', NULL),
(465, 'CHITODIA(KONDINYA)', '16-12-2021', '16-12-2021', NULL),
(466, 'CHITOLIA (KONDINYA)', '16-12-2021', '16-12-2021', NULL),
(467, 'CHITRODA(KONDINYA)', '16-12-2021', '16-12-2021', NULL),
(468, 'CHITTODIA (KONDINYA)', '16-12-2021', '16-12-2021', NULL),
(469, 'CHITTODIYA(KONDINYA)', '16-12-2021', '16-12-2021', NULL),
(470, 'CHOBISA(VAMDEV)', '16-12-2021', '16-12-2021', NULL),
(471, 'CHOIBAL', '16-12-2021', '16-12-2021', NULL),
(472, 'CHOIWAL (VASHISHTH)', '16-12-2021', '16-12-2021', NULL),
(473, 'CHOKHA (UPMANYU)', '16-12-2021', '16-12-2021', NULL),
(474, 'CHOKHAR(BHARDWAJ)', '16-12-2021', '16-12-2021', NULL),
(475, 'CHOLAMIYA(VID)', '16-12-2021', '16-12-2021', NULL),
(476, 'CHOLKAR(UPMANYU)', '16-12-2021', '16-12-2021', NULL),
(477, 'CHORASIYA(UPMANYU)', '16-12-2021', '16-12-2021', NULL),
(478, 'CHORAWA', '16-12-2021', '16-12-2021', NULL),
(479, 'CHOWALRADE(GAVISHTHAR)', '16-12-2021', '16-12-2021', NULL),
(480, 'CHOWE(BHARDWAJ)', '16-12-2021', '16-12-2021', NULL),
(481, 'CHOWTIA (VASHISHTH)', '16-12-2021', '16-12-2021', NULL),
(482, 'CHOYAL (GAVISHTHAR)', '16-12-2021', '16-12-2021', NULL),
(483, 'CHOYEL (GAVISHTHAR)', '16-12-2021', '16-12-2021', NULL),
(484, 'CHUEL (LOGAKSHI)', '16-12-2021', '16-12-2021', NULL),
(485, 'CHUELWAL', '16-12-2021', '16-12-2021', NULL),
(486, 'CHUHED(VID)', '16-12-2021', '16-12-2021', NULL),
(487, 'CHUHIL', '16-12-2021', '16-12-2021', NULL),
(488, 'CHUHIWAL (LOGAKSHI)', '16-12-2021', '16-12-2021', NULL),
(489, 'CHUHWAL', '16-12-2021', '16-12-2021', NULL),
(490, 'CHUIWAL (LOGAKSHI)', '16-12-2021', '16-12-2021', NULL),
(491, 'CHULIWAL (KASHYAP)', '16-12-2021', '16-12-2021', NULL),
(492, 'CHUNDA', '16-12-2021', '16-12-2021', NULL),
(493, 'CHUNDAWAL (VATS)', '16-12-2021', '16-12-2021', NULL),
(494, 'CHUNIWAL', '16-12-2021', '16-12-2021', NULL),
(495, 'CHUPAL(LOGAKSHI)', '16-12-2021', '16-12-2021', NULL),
(496, 'CHUWAL', '16-12-2021', '16-12-2021', NULL),
(497, 'CHUWEL', '16-12-2021', '16-12-2021', NULL),
(498, 'CHUYAL', '16-12-2021', '16-12-2021', NULL),
(499, 'CHVAILA', '16-12-2021', '16-12-2021', NULL),
(500, 'CHAMOL (UPMANYU)', '16-12-2021', '16-12-2021', NULL),
(501, 'DABARWADIA (KASHYAP)', '16-12-2021', '16-12-2021', NULL),
(502, 'DABI', '16-12-2021', '16-12-2021', NULL),
(503, 'DADARWAL (KONDINYA)', '16-12-2021', '16-12-2021', NULL),
(504, 'DADELA', '16-12-2021', '16-12-2021', NULL),
(505, 'DADLA (VID)', '16-12-2021', '16-12-2021', NULL),
(506, 'DADPARA (VAMDEV)', '16-12-2021', '16-12-2021', NULL),
(507, 'DAGAR (VID)', '16-12-2021', '16-12-2021', NULL),
(508, 'DAHAD', '16-12-2021', '16-12-2021', NULL),
(509, 'DALNIA', '16-12-2021', '16-12-2021', NULL),
(510, 'DAMARWAL', '16-12-2021', '16-12-2021', NULL),
(511, 'DANJANNA', '16-12-2021', '16-12-2021', NULL),
(512, 'DAREWAL (KONDINYA)', '16-12-2021', '16-12-2021', NULL),
(513, 'DASARA (VATS)', '16-12-2021', '16-12-2021', NULL),
(514, 'DATAK (AGHAMRSHAN)', '16-12-2021', '16-12-2021', NULL),
(515, 'DAWAKAR (VATS)', '16-12-2021', '16-12-2021', NULL),
(516, 'DAWAWAL', '16-12-2021', '16-12-2021', NULL),
(517, 'DAWLIA (VID)', '16-12-2021', '16-12-2021', NULL),
(518, 'DAYNA', '16-12-2021', '16-12-2021', NULL),
(519, 'DABLIA', '16-12-2021', '16-12-2021', NULL),
(520, 'DADANPURIA (VATS)', '16-12-2021', '16-12-2021', NULL),
(521, 'DADBAL (VATSYA)', '16-12-2021', '16-12-2021', NULL),
(522, 'DADDEIYA', '16-12-2021', '16-12-2021', NULL),
(523, 'DADEL (VASHISHTH)', '16-12-2021', '16-12-2021', NULL),
(524, 'DADERIA (GAUTAM)', '16-12-2021', '16-12-2021', NULL),
(525, 'DADERIWAL (GAUTAM)', '16-12-2021', '16-12-2021', NULL),
(526, 'DADEWA', '16-12-2021', '16-12-2021', NULL),
(527, 'DADHAIYA (BHARDWAJ)', '16-12-2021', '16-12-2021', NULL),
(528, 'DADHIWAL', '16-12-2021', '16-12-2021', NULL),
(529, 'DADHWAL', '16-12-2021', '16-12-2021', NULL),
(530, 'DADIWAL (AGHAMRSHAN)', '16-12-2021', '16-12-2021', NULL),
(531, 'DADOLIA', '16-12-2021', '16-12-2021', NULL),
(532, 'DADOWAL', '16-12-2021', '16-12-2021', NULL),
(533, 'DADRECHA (GAUTAM)', '16-12-2021', '16-12-2021', NULL),
(534, 'DADRIWAL', '16-12-2021', '16-12-2021', NULL),
(535, 'DADWAL (SHANDILYA)', '16-12-2021', '16-12-2021', NULL),
(536, 'DADYALA (BHARDWAJ)', '16-12-2021', '16-12-2021', NULL),
(537, 'DAGARA', '16-12-2021', '16-12-2021', NULL),
(538, 'DAGARWAL (VASHISHTH)', '16-12-2021', '16-12-2021', NULL),
(539, 'DAGIWAL (KASHYAP)', '16-12-2021', '16-12-2021', NULL),
(540, 'DAGRA', '16-12-2021', '16-12-2021', NULL),
(541, 'DAHAMI', '16-12-2021', '16-12-2021', NULL),
(542, 'DAHIMA (BHARDWAJ)', '16-12-2021', '16-12-2021', NULL),
(543, 'DAHIYA', '16-12-2021', '16-12-2021', NULL),
(544, 'DAHMAN (VATSYA)', '16-12-2021', '16-12-2021', NULL),
(545, 'DAHMIWAL', '16-12-2021', '16-12-2021', NULL),
(546, 'DAHONIA (RIKSHU)', '16-12-2021', '16-12-2021', NULL),
(547, 'DAHRIA', '16-12-2021', '16-12-2021', NULL),
(548, 'DAJJAD (AGHAMRSHAN)', '16-12-2021', '16-12-2021', NULL),
(549, 'DAKRECHA', '16-12-2021', '16-12-2021', NULL),
(550, 'DALAL (DIRGHTAMA)', '16-12-2021', '16-12-2021', NULL),
(551, 'DALAL MANDAWARIA', '16-12-2021', '16-12-2021', NULL),
(552, 'DALALIA (DIRGHTAMA)', '16-12-2021', '16-12-2021', NULL),
(553, 'DALODANI (VATS)', '16-12-2021', '16-12-2021', NULL),
(554, 'DALORIYA', '16-12-2021', '16-12-2021', NULL),
(555, 'DAMAN (VATSYA)', '16-12-2021', '16-12-2021', NULL),
(556, 'DAMBHIWAL (BHARDWAJ)', '16-12-2021', '16-12-2021', NULL),
(557, 'DAMBIWAL (BHARDWAJ)', '16-12-2021', '16-12-2021', NULL),
(558, 'DAMIVAL (BHARDWAJ)', '16-12-2021', '16-12-2021', NULL),
(559, 'DAMIWAL (BHARDWAJ)', '16-12-2021', '16-12-2021', NULL),
(560, 'DAMMIWAL (BHARDWAJ)', '16-12-2021', '16-12-2021', NULL),
(561, 'DAMRODIYA', '16-12-2021', '16-12-2021', NULL),
(562, 'DANDER', '16-12-2021', '16-12-2021', NULL),
(563, 'DANDERWAL', '16-12-2021', '16-12-2021', NULL),
(564, 'DANDEVA (RIKSHU)', '16-12-2021', '16-12-2021', NULL),
(565, 'DANDEWA (RIKSHU)', '16-12-2021', '16-12-2021', NULL),
(566, 'DANDOLIA (GAVISHTHAR)', '16-12-2021', '16-12-2021', NULL),
(567, 'DANDORIA (BHARDWAJ)', '16-12-2021', '16-12-2021', NULL),
(568, 'DANDORIYA (BHARDWAJ)', '16-12-2021', '16-12-2021', NULL),
(569, 'DANDOTIA (VASHISHTH)', '16-12-2021', '16-12-2021', NULL),
(570, 'DANEWA (BHARDWAJ)', '16-12-2021', '16-12-2021', NULL),
(571, 'DANGARA (KONDINYA)', '16-12-2021', '16-12-2021', NULL),
(572, 'DANGARE (KONDINYA)', '16-12-2021', '16-12-2021', NULL),
(573, 'DANGER', '16-12-2021', '16-12-2021', NULL),
(574, 'DANGRA (KONDINYA)', '16-12-2021', '16-12-2021', NULL),
(575, 'DANGRE (KONDINYA)', '16-12-2021', '16-12-2021', NULL),
(576, 'DANORIA (GAUTAM)', '16-12-2021', '16-12-2021', NULL),
(577, 'DAROLIA(VATS)', '16-12-2021', '16-12-2021', NULL),
(578, 'DASAHARA (SHANDILYA)', '16-12-2021', '16-12-2021', NULL),
(579, 'DASARIA (VASHISHTH)', '16-12-2021', '16-12-2021', NULL),
(580, 'DASHANE (AGHAMRSHAN)', '16-12-2021', '16-12-2021', NULL),
(581, 'DASHAHARI (SHANDILYA)', '16-12-2021', '16-12-2021', NULL),
(582, 'DASODIA (VAMDEV)', '16-12-2021', '16-12-2021', NULL),
(583, 'DATHIWAL', '16-12-2021', '16-12-2021', NULL),
(584, 'DATKA (AGHAMRSHAN)', '16-12-2021', '16-12-2021', NULL),
(585, 'DATWAL (BHARDWAJ)', '16-12-2021', '16-12-2021', NULL),
(586, 'DAYALWAL (BHARDWAJ)', '16-12-2021', '16-12-2021', NULL),
(587, 'DAYAMA (BHARDWAJ)', '16-12-2021', '16-12-2021', NULL),
(588, 'DAYMA (BHARDWAJ)', '16-12-2021', '16-12-2021', NULL),
(589, 'DDENDWANIA', '16-12-2021', '16-12-2021', NULL),
(590, 'DDERVA', '16-12-2021', '16-12-2021', NULL),
(591, 'DEDOLA (VATS)', '16-12-2021', '16-12-2021', NULL),
(592, 'DEEDIWAL (MUDGAL)', '16-12-2021', '16-12-2021', NULL),
(593, 'DEEDWAL (UPMANYU)', '16-12-2021', '16-12-2021', NULL),
(594, 'DEEDWAN', '16-12-2021', '16-12-2021', NULL),
(595, 'DEEGANIA (DIRGHTAMA)', '16-12-2021', '16-12-2021', NULL),
(596, 'DEEGNIA (DIRGHTAMA)', '16-12-2021', '16-12-2021', NULL),
(597, 'DEEGODIA', '16-12-2021', '16-12-2021', NULL),
(598, 'DEEGOL (KASHYAP)', '16-12-2021', '16-12-2021', NULL),
(599, 'DEEGONIA', '16-12-2021', '16-12-2021', NULL),
(600, 'DEEGRA', '16-12-2021', '16-12-2021', NULL),
(601, 'DEEHAWADA(LOGAKSHI)', '16-12-2021', '16-12-2021', NULL),
(602, 'DEENGRODHIA (BHARDWAJ)', '16-12-2021', '16-12-2021', NULL),
(603, 'DEEPASAR (JATUKARNY)', '16-12-2021', '16-12-2021', NULL),
(604, 'DEEROLA (GAVISHTHAR)', '16-12-2021', '16-12-2021', NULL),
(605, 'DEESAWADA(GAVISHTHAR)', '16-12-2021', '16-12-2021', NULL),
(606, 'DEGOTIA (VASHISHTH)', '16-12-2021', '16-12-2021', NULL),
(607, 'DEHLIWAL (VAMDEV)', '16-12-2021', '16-12-2021', NULL),
(608, 'DEHMAN (VAMDEV)', '16-12-2021', '16-12-2021', NULL),
(609, 'DEHMANIA(MUDGAL)', '16-12-2021', '16-12-2021', NULL),
(610, 'DEHMIWAL (LOGAKSHI)', '16-12-2021', '16-12-2021', NULL),
(611, 'DEMAN (VAMDEV)', '16-12-2021', '16-12-2021', NULL),
(612, 'DEMDA', '16-12-2021', '16-12-2021', NULL),
(613, 'DEMIWAL', '16-12-2021', '16-12-2021', NULL),
(614, 'DENIWAL (VID)', '16-12-2021', '16-12-2021', NULL),
(615, 'DEPADA (KASHYAP)', '16-12-2021', '16-12-2021', NULL),
(616, 'DEPADI', '16-12-2021', '16-12-2021', NULL),
(617, 'DEPARA', '16-12-2021', '16-12-2021', NULL),
(618, 'DEROLE', '16-12-2021', '16-12-2021', NULL),
(619, 'DEROLIA (KASHYAP)', '16-12-2021', '16-12-2021', NULL),
(620, 'DEROLIYA (KASHYAP)', '16-12-2021', '16-12-2021', NULL),
(621, 'DESHASTH (VAMDEV)', '16-12-2021', '16-12-2021', NULL),
(622, 'DESHMUKH (VATS)', '16-12-2021', '16-12-2021', NULL),
(623, 'DESHWAL (VATS)', '16-12-2021', '16-12-2021', NULL),
(624, 'DESODIA', '16-12-2021', '16-12-2021', NULL),
(625, 'DETHKHURIA (RIKSHU)', '16-12-2021', '16-12-2021', NULL),
(626, 'DETHRAWAT (VATS)', '16-12-2021', '16-12-2021', NULL),
(627, 'DEVAGYA (GAVISHTHAR)', '16-12-2021', '16-12-2021', NULL),
(628, 'DEVESAR (GAVISHTHAR)', '16-12-2021', '16-12-2021', NULL),
(629, 'DEVKORIA(VAMDEV)', '16-12-2021', '16-12-2021', NULL),
(630, 'DEWAL (LOGAKSHI)', '16-12-2021', '16-12-2021', NULL),
(631, 'DEWALIA (LOGAKSHI)', '16-12-2021', '16-12-2021', NULL),
(632, 'DEWANIA (BHARDWAJ)', '16-12-2021', '16-12-2021', NULL),
(633, 'DHAMU', '16-12-2021', '16-12-2021', NULL),
(634, 'DHANKLYA', '16-12-2021', '16-12-2021', NULL),
(635, 'DHADAL', '16-12-2021', '16-12-2021', NULL),
(636, 'DHADHERAVA', '16-12-2021', '16-12-2021', NULL),
(637, 'DHADHERIA', '16-12-2021', '16-12-2021', NULL),
(638, 'DHADHEWA', '16-12-2021', '16-12-2021', NULL),
(639, 'DHADHORIA (GAUTAM)', '16-12-2021', '16-12-2021', NULL),
(640, 'DHAGWAL (KASHYAP)', '16-12-2021', '16-12-2021', NULL),
(641, 'DHAHDECHA', '16-12-2021', '16-12-2021', NULL),
(642, 'DHAHMIWAL', '16-12-2021', '16-12-2021', NULL),
(643, 'DHAKOLIA (UPMANYU)', '16-12-2021', '16-12-2021', NULL),
(644, 'DHALWANIA (KONDINYA)', '16-12-2021', '16-12-2021', NULL),
(645, 'DHAMA (KASHYAP)', '16-12-2021', '16-12-2021', NULL),
(646, 'DHAMANIA (VATS)', '16-12-2021', '16-12-2021', NULL),
(647, 'DHAMI', '16-12-2021', '16-12-2021', NULL),
(648, 'DHAMKER (BHARDWAJ)', '16-12-2021', '16-12-2021', NULL),
(649, 'DHAMMI(VID)', '16-12-2021', '16-12-2021', NULL),
(650, 'DHAMMIWAL (VID)', '16-12-2021', '16-12-2021', NULL),
(651, 'DHAMNA (AGHAMRSHAN)', '16-12-2021', '16-12-2021', NULL),
(652, 'DHAMO', '16-12-2021', '16-12-2021', NULL),
(653, 'DHAMONIA', '16-12-2021', '16-12-2021', NULL),
(654, 'DHANCHWAL (BHARDWAJ)', '16-12-2021', '16-12-2021', NULL),
(655, 'DHANDERWA', '16-12-2021', '16-12-2021', NULL),
(656, 'DHANDHERIWA', '16-12-2021', '16-12-2021', NULL),
(657, 'DHANDHERIWAL (LOGAKSHI)', '16-12-2021', '16-12-2021', NULL),
(658, 'DHANDHERUA (GAVISHTHAR)', '16-12-2021', '16-12-2021', NULL),
(659, 'DHANDHERWA', '16-12-2021', '16-12-2021', NULL),
(660, 'DHANDHERWAL (LOGAKSHI)', '16-12-2021', '16-12-2021', NULL),
(661, 'DHANDHEWA', '16-12-2021', '16-12-2021', NULL),
(662, 'DHANDHORIA', '16-12-2021', '16-12-2021', NULL),
(663, 'DHANERWA (JATUKARNY)', '16-12-2021', '16-12-2021', NULL),
(664, 'DHANERWAL (JATUKARNY)', '16-12-2021', '16-12-2021', NULL),
(665, 'DHANGARA', '16-12-2021', '16-12-2021', NULL),
(666, 'DHANGRA', '16-12-2021', '16-12-2021', NULL),
(667, 'DHANGRE', '16-12-2021', '16-12-2021', NULL),
(668, 'DHANONIA', '16-12-2021', '16-12-2021', NULL),
(669, 'DHANORA', '16-12-2021', '16-12-2021', NULL),
(670, 'DHANOWAL', '16-12-2021', '16-12-2021', NULL),
(671, 'DHANREWA', '16-12-2021', '16-12-2021', NULL),
(672, 'DHANSAUYA (GAUTAM)', '16-12-2021', '16-12-2021', NULL),
(673, 'DHANSAWAR', '16-12-2021', '16-12-2021', NULL),
(674, 'DHANSOIA', '16-12-2021', '16-12-2021', NULL),
(675, 'DHANSUIA', '16-12-2021', '16-12-2021', NULL),
(676, 'DHANWA', '16-12-2021', '16-12-2021', NULL),
(677, 'DHARANIA (BHARDWAJ)', '16-12-2021', '16-12-2021', NULL),
(678, 'DHARANYA (BHARDWAJ)', '16-12-2021', '16-12-2021', NULL),
(679, 'DHARAWAL (KONDINYA)', '16-12-2021', '16-12-2021', NULL),
(680, 'DHARAWANA', '16-12-2021', '16-12-2021', NULL),
(681, 'DHAREDWAL (BHARDWAJ)', '16-12-2021', '16-12-2021', NULL),
(682, 'DHARIWAL (AGHAMRSHAN)', '16-12-2021', '16-12-2021', NULL),
(683, 'DHARMPURIA (GAUTAM)', '16-12-2021', '16-12-2021', NULL),
(684, 'DHARSONIA (BHARDWAJ)', '16-12-2021', '16-12-2021', NULL),
(685, 'DHARUNE (BHARDWAJ)', '16-12-2021', '16-12-2021', NULL),
(686, 'DHARWA PARMAR', '16-12-2021', '16-12-2021', NULL),
(687, 'DHATHWADIA', '16-12-2021', '16-12-2021', NULL),
(688, 'DHATURA (KONDINYA)', '16-12-2021', '16-12-2021', NULL),
(689, 'DHAWA (KASHYAP)', '16-12-2021', '16-12-2021', NULL),
(690, 'DHAYAI (VID)', '16-12-2021', '16-12-2021', NULL),
(691, 'DHEEMAN (LOGAKSHI)', '16-12-2021', '16-12-2021', NULL),
(692, 'DHEER (LOGAKSHI)', '16-12-2021', '16-12-2021', NULL),
(693, 'DHEGAWA(MUDGAL)', '16-12-2021', '16-12-2021', NULL),
(694, 'DHEKWAL (DIRGHTAMA)', '16-12-2021', '16-12-2021', NULL),
(695, 'DHEMAN (MUDGAL)', '16-12-2021', '16-12-2021', NULL),
(696, 'DHEMIPAL', '16-12-2021', '16-12-2021', NULL),
(697, 'DHENIWAL', '16-12-2021', '16-12-2021', NULL),
(698, 'DHERWAL (KASHYAP)', '16-12-2021', '16-12-2021', NULL),
(699, 'DHIDHORIA', '16-12-2021', '16-12-2021', NULL),
(700, 'DHIJJAD (AGHAMRSHAN)', '16-12-2021', '16-12-2021', NULL),
(701, 'DHIKSARA (BHARDWAJ)', '16-12-2021', '16-12-2021', NULL),
(702, 'DHIKWACH (UPMANYU)', '16-12-2021', '16-12-2021', NULL),
(703, 'DHIKWAL (UPMANYU)', '16-12-2021', '16-12-2021', NULL),
(704, 'DHIMAN (LOGAKSHI)', '16-12-2021', '16-12-2021', NULL),
(705, 'DHIMUNIA (MUDGAL)', '16-12-2021', '16-12-2021', NULL),
(706, 'DHINDHORIA (BHARDWAJ)', '16-12-2021', '16-12-2021', NULL),
(707, 'DHIWAN', '16-12-2021', '16-12-2021', NULL),
(708, 'DHANERAVA', '16-12-2021', '16-12-2021', NULL),
(709, 'DHOGADWAL (GAUTAM)', '16-12-2021', '16-12-2021', NULL),
(710, 'DHOKNA (GAUTAM)', '16-12-2021', '16-12-2021', NULL),
(711, 'DHOKWAL (GAUTAM)', '16-12-2021', '16-12-2021', NULL),
(712, 'DHOLPURIA (VATS)', '16-12-2021', '16-12-2021', NULL),
(713, 'DHONSI (GAUTAM)', '16-12-2021', '16-12-2021', NULL),
(714, 'DHONSU (GAUTAM)', '16-12-2021', '16-12-2021', NULL),
(715, 'DHOOSARA', '16-12-2021', '16-12-2021', NULL),
(716, 'DHORWAL (GAUTAM)', '16-12-2021', '16-12-2021', NULL),
(717, 'DHUALIA(KASHYAP)', '16-12-2021', '16-12-2021', NULL),
(718, 'DHUBALDHAN', '16-12-2021', '16-12-2021', NULL),
(719, 'DHUGAL (GAUTAM)', '16-12-2021', '16-12-2021', NULL),
(720, 'DHUGANIA (AGHAMRSHAN)', '16-12-2021', '16-12-2021', NULL),
(721, 'DHUKRANIA', '16-12-2021', '16-12-2021', NULL),
(722, 'DHULDHULIA', '16-12-2021', '16-12-2021', NULL),
(723, 'DHUNA', '16-12-2021', '16-12-2021', NULL),
(724, 'DHUNDHAWAR (AGHAMRSHAN)', '16-12-2021', '16-12-2021', NULL),
(725, 'DHUSAROWAL', '16-12-2021', '16-12-2021', NULL),
(726, 'DHUVA', '16-12-2021', '16-12-2021', NULL),
(727, 'DHUWALIA (UPMANYU)', '16-12-2021', '16-12-2021', NULL),
(728, 'DIGODIA (VATSYA)', '16-12-2021', '16-12-2021', NULL),
(729, 'DIGONIYA', '16-12-2021', '16-12-2021', NULL),
(730, 'DIGOTIYA (VASHISHTH)', '16-12-2021', '16-12-2021', NULL),
(731, 'DIGROTIA', '16-12-2021', '16-12-2021', NULL),
(732, 'DIGROTIYA', '16-12-2021', '16-12-2021', NULL),
(733, 'DIGUNIA (KASHYAP)', '16-12-2021', '16-12-2021', NULL),
(734, 'DILORA (KASHYAP)', '16-12-2021', '16-12-2021', NULL),
(735, 'DINDHORIA', '16-12-2021', '16-12-2021', NULL),
(736, 'DINDOLYA (KASHYAP)', '16-12-2021', '16-12-2021', NULL),
(737, 'DISODIA', '16-12-2021', '16-12-2021', NULL),
(738, 'DIXIT (UPMANYU)', '16-12-2021', '16-12-2021', NULL),
(739, 'DIYARA', '16-12-2021', '16-12-2021', NULL),
(740, 'DIYASARA (JATUKARNY)', '16-12-2021', '16-12-2021', NULL),
(741, 'DIYAWARA', '16-12-2021', '16-12-2021', NULL),
(742, 'DODAN (DIRGHTAMA)', '16-12-2021', '16-12-2021', NULL),
(743, 'DODIA (VASHISHTH)', '16-12-2021', '16-12-2021', NULL),
(744, 'DOGARIA', '16-12-2021', '16-12-2021', NULL),
(745, 'DOGARWAL (RIKSHU)', '16-12-2021', '16-12-2021', NULL),
(746, 'DOIBAL (AGHAMRSHAN)', '16-12-2021', '16-12-2021', NULL),
(747, 'DOKWAL', '16-12-2021', '16-12-2021', NULL),
(748, 'DORWAL (VASHISHTH)', '16-12-2021', '16-12-2021', NULL),
(749, 'DOSODIA', '16-12-2021', '16-12-2021', NULL),
(750, 'DOSODIYA', '16-12-2021', '16-12-2021', NULL),
(751, 'DOYAL (BHARDWAJ)', '16-12-2021', '16-12-2021', NULL),
(752, 'DOYALWAL', '16-12-2021', '16-12-2021', NULL),
(753, 'DRAVIDIA(SHANDILYA)', '16-12-2021', '16-12-2021', NULL),
(754, 'DUBALDANIYA (GAUTAM)', '16-12-2021', '16-12-2021', NULL),
(755, 'DUBALDHAN', '16-12-2021', '16-12-2021', NULL),
(756, 'DUBALDHANIA (GAUTAM)', '16-12-2021', '16-12-2021', NULL),
(757, 'DUBALDHANIYA (GAUTAM)', '16-12-2021', '16-12-2021', NULL),
(758, 'DUDHAWAL', '16-12-2021', '16-12-2021', NULL),
(759, 'DUDHOLIA', '16-12-2021', '16-12-2021', NULL),
(760, 'DUDIYAN', '16-12-2021', '16-12-2021', NULL),
(761, 'DUDOLIYA (VASHISHTH)', '16-12-2021', '16-12-2021', NULL),
(762, 'DUGALIA (DIRGHTAMA)', '16-12-2021', '16-12-2021', NULL),
(763, 'DUGESHAR (VATS)', '16-12-2021', '16-12-2021', NULL),
(764, 'DUHAL (VATSYA)', '16-12-2021', '16-12-2021', NULL),
(765, 'DURGESAR', '16-12-2021', '16-12-2021', NULL),
(766, 'DURGESHWAR', '16-12-2021', '16-12-2021', NULL),
(767, 'DURWDHNIA (GAUTAM)', '16-12-2021', '16-12-2021', NULL),
(768, 'DWADHIYA', '16-12-2021', '16-12-2021', NULL),
(769, 'DWIVEDI (KASHYAP)', '16-12-2021', '16-12-2021', NULL),
(770, 'FAHADWAL', '16-12-2021', '16-12-2021', NULL),
(771, 'FALAK (GAUTAM)', '16-12-2021', '16-12-2021', NULL),
(772, 'FALODIA (BHARDWAJ)', '16-12-2021', '16-12-2021', NULL),
(773, 'FAREEYA (LOGAKSHI)', '16-12-2021', '16-12-2021', NULL),
(774, 'FARNODIA (BHARDWAJ)', '16-12-2021', '16-12-2021', NULL),
(775, 'FARORPURIA', '16-12-2021', '16-12-2021', NULL),
(776, 'FARWAIA(GAUTAM)', '16-12-2021', '16-12-2021', NULL),
(777, 'FEDWAL', '16-12-2021', '16-12-2021', NULL),
(778, 'GALE (UPMANYU)', '16-12-2021', '16-12-2021', NULL),
(779, 'GADADE', '16-12-2021', '16-12-2021', NULL),
(780, 'GADEHDA (KASHYAP)', '16-12-2021', '16-12-2021', NULL),
(781, 'GADERA (KASHYAP)', '16-12-2021', '16-12-2021', NULL),
(782, 'GADHADYA', '16-12-2021', '16-12-2021', NULL),
(783, 'GADHDA', '16-12-2021', '16-12-2021', NULL),
(784, 'GADHDIYA', '16-12-2021', '16-12-2021', NULL),
(785, 'GADHEDA (KASHYAP)', '16-12-2021', '16-12-2021', NULL),
(786, 'GADHEDE (KASHYAP)', '16-12-2021', '16-12-2021', NULL),
(787, 'GADHERA (KASHYAP)', '16-12-2021', '16-12-2021', NULL),
(788, 'GADHERIYA (KASHYAP)', '16-12-2021', '16-12-2021', NULL),
(789, 'GADOTTARE (AGHAMRSHAN)', '16-12-2021', '16-12-2021', NULL),
(790, 'GADOWYA (VATS)', '16-12-2021', '16-12-2021', NULL),
(791, 'GADUVALE', '16-12-2021', '16-12-2021', NULL),
(792, 'GADWALA', '16-12-2021', '16-12-2021', NULL),
(793, 'GAGORIA', '16-12-2021', '16-12-2021', NULL),
(794, 'GAGORIYA', '16-12-2021', '16-12-2021', NULL),
(795, 'GAHODIYA', '16-12-2021', '16-12-2021', NULL),
(796, 'GAJJAR', '16-12-2021', '16-12-2021', NULL),
(797, 'GAJWA (GAUTAM)', '16-12-2021', '16-12-2021', NULL),
(798, 'GAMDHIYA', '16-12-2021', '16-12-2021', NULL),
(799, 'GANDHAWAL', '16-12-2021', '16-12-2021', NULL),
(800, 'GANDHAWALIA', '16-12-2021', '16-12-2021', NULL),
(801, 'GANDHEDA', '16-12-2021', '16-12-2021', NULL),
(802, 'GANERWAL', '16-12-2021', '16-12-2021', NULL),
(803, 'GANGAWAL (KASHYAP)', '16-12-2021', '16-12-2021', NULL),
(804, 'GANGOLIYA (KASHYAP)', '16-12-2021', '16-12-2021', NULL),
(805, 'GANGOTIA (KASHYAP)', '16-12-2021', '16-12-2021', NULL),
(806, 'GARAJWANIA (MUDGAL)', '16-12-2021', '16-12-2021', NULL),
(807, 'GARGEYA (KONDINYA)', '16-12-2021', '16-12-2021', NULL),
(808, 'GAROLA (AGHAMRSHAN)', '16-12-2021', '16-12-2021', NULL),
(809, 'GARUDA (AGHAMRSHAN)', '16-12-2021', '16-12-2021', NULL),
(810, 'GARUWAGARUVI', '16-12-2021', '16-12-2021', NULL),
(811, 'GASAWAR (GAUTAM)', '16-12-2021', '16-12-2021', NULL),
(812, 'GATHWAL', '16-12-2021', '16-12-2021', NULL),
(813, 'GATHWALA', '16-12-2021', '16-12-2021', NULL),
(814, 'GATUA (KONDINYA)', '16-12-2021', '16-12-2021', NULL),
(815, 'GAUDARA', '16-12-2021', '16-12-2021', NULL),
(816, 'GAUTAM', '16-12-2021', '16-12-2021', NULL),
(817, 'GAUTAMI (MUDGAL)', '16-12-2021', '16-12-2021', NULL),
(818, 'GAUTAMWAL (MUDGAL)', '16-12-2021', '16-12-2021', NULL),
(819, 'GAVISHTHAR', '16-12-2021', '16-12-2021', NULL),
(820, 'GAVRISHT', '16-12-2021', '16-12-2021', NULL),
(821, 'GAVVI (AGHAMRSHAN)', '16-12-2021', '16-12-2021', NULL),
(822, 'GAWAD (UPMANYU)', '16-12-2021', '16-12-2021', NULL),
(823, 'GAYAWAL (LOGAKSHI)', '16-12-2021', '16-12-2021', NULL),
(824, 'GEDWAL (VATSYA)', '16-12-2021', '16-12-2021', NULL),
(825, 'GEHLOT', '16-12-2021', '16-12-2021', NULL),
(826, 'GENDWAL', '16-12-2021', '16-12-2021', NULL),
(827, 'GENPAL (MUDGAL)', '16-12-2021', '16-12-2021', NULL),
(828, 'GEP', '16-12-2021', '16-12-2021', NULL),
(829, 'GEPAL (MUDGAL)', '16-12-2021', '16-12-2021', NULL),
(830, 'GETHUNA (VATSYA)', '16-12-2021', '16-12-2021', NULL),
(831, 'GEWAL', '16-12-2021', '16-12-2021', NULL),
(832, 'GHAMARGHUMA (UPMANYU)', '16-12-2021', '16-12-2021', NULL),
(833, 'GHAMIRIA', '16-12-2021', '16-12-2021', NULL),
(834, 'GHAMU', '16-12-2021', '16-12-2021', NULL),
(835, 'GHANSAWAR', '16-12-2021', '16-12-2021', NULL),
(836, 'GHANSOHIYA', '16-12-2021', '16-12-2021', NULL),
(837, 'GHARADWAL (VAMDEV)', '16-12-2021', '16-12-2021', NULL),
(838, 'GHARATWAL (UPMANYU)', '16-12-2021', '16-12-2021', NULL),
(839, 'GHARNALIA (JATUKARNY)', '16-12-2021', '16-12-2021', NULL),
(840, 'GHASAWAR', '16-12-2021', '16-12-2021', NULL),
(841, 'GHASWA', '16-12-2021', '16-12-2021', NULL),
(842, 'GHATIWAL (KONDINYA)', '16-12-2021', '16-12-2021', NULL),
(843, 'GHESODIYA', '16-12-2021', '16-12-2021', NULL),
(844, 'GHISHAWAR (GAVISHTHAR)', '16-12-2021', '16-12-2021', NULL),
(845, 'GHISHWAL (GAVISHTHAR)', '16-12-2021', '16-12-2021', NULL),
(846, 'GHOKHALA (SHANDILYA)', '16-12-2021', '16-12-2021', NULL),
(847, 'GHOSARNIA (SHANDILYA)', '16-12-2021', '16-12-2021', NULL),
(848, 'GHOSEDIA (SHANDILYA)', '16-12-2021', '16-12-2021', NULL),
(849, 'GHOTARWAL (SHANDILYA)', '16-12-2021', '16-12-2021', NULL),
(850, 'GHUGHARIA (DIRGHTAMA)', '16-12-2021', '16-12-2021', NULL),
(851, 'GHUHDECHA (VAMDEV)', '16-12-2021', '16-12-2021', NULL),
(852, 'GIRAWADIA (VID)', '16-12-2021', '16-12-2021', NULL),
(853, 'GODANI', '16-12-2021', '16-12-2021', NULL),
(854, 'GODGIRIYA (VAMDEV)', '16-12-2021', '16-12-2021', NULL),
(855, 'GODHALYA (VASHISHTH)', '16-12-2021', '16-12-2021', NULL),
(856, 'GODHWAL', '16-12-2021', '16-12-2021', NULL),
(857, 'GODIA (VAMDEV)', '16-12-2021', '16-12-2021', NULL),
(858, 'GODLIYA', '16-12-2021', '16-12-2021', NULL),
(859, 'GODNVA', '16-12-2021', '16-12-2021', NULL),
(860, 'GODNYA (VATS)', '16-12-2021', '16-12-2021', NULL),
(861, 'GODPURIA (MUDGAL)', '16-12-2021', '16-12-2021', NULL),
(862, 'GODVYAS (GAVISHTHAR)', '16-12-2021', '16-12-2021', NULL),
(863, 'GODWAL (GAVISHTHAR)', '16-12-2021', '16-12-2021', NULL),
(864, 'GOGORIA (KASHYAP)', '16-12-2021', '16-12-2021', NULL),
(865, 'GOGORIYA (KASHYAP)', '16-12-2021', '16-12-2021', NULL),
(866, 'GOKALYA (GAVISHTHAR)', '16-12-2021', '16-12-2021', NULL),
(867, 'GOMILGOTHWAL', '16-12-2021', '16-12-2021', NULL),
(868, 'GOMITRA (UPMANYU)', '16-12-2021', '16-12-2021', NULL),
(869, 'GOPAL (MUDGAL)', '16-12-2021', '16-12-2021', NULL),
(870, 'GOPALGAPAL', '16-12-2021', '16-12-2021', NULL),
(871, 'GOPIWAL (SHANDILYA)', '16-12-2021', '16-12-2021', NULL),
(872, 'GOPIYA (JATUKARNY)', '16-12-2021', '16-12-2021', NULL),
(873, 'GORAKHPURIA (UPMANYU)', '16-12-2021', '16-12-2021', NULL),
(874, 'GORWAL (KASHYAP)', '16-12-2021', '16-12-2021', NULL),
(875, 'GOSWAMI (LOGAKSHI)', '16-12-2021', '16-12-2021', NULL),
(876, 'GOTHANA', '16-12-2021', '16-12-2021', NULL),
(877, 'GOTHARIWAL (VATSYA)', '16-12-2021', '16-12-2021', NULL),
(878, 'GOTHAWAL (GAUTAM)', '16-12-2021', '16-12-2021', NULL),
(879, 'GOTHDIWAL (VATSYA)', '16-12-2021', '16-12-2021', NULL),
(880, 'GOTHADIWAL (VATSYA)', '16-12-2021', '16-12-2021', NULL);
INSERT INTO `gotras` (`id`, `gotra`, `created_at`, `updated_at`, `deleted_at`) VALUES
(881, 'GOTHRIWAL (VATSYA)', '16-12-2021', '16-12-2021', NULL),
(882, 'GOTHWAL (SHANDILYA)', '16-12-2021', '16-12-2021', NULL),
(883, 'GOTNIA (GAUTAM)', '16-12-2021', '16-12-2021', NULL),
(884, 'GOVARDHANIYA (VASHISHTH)', '16-12-2021', '16-12-2021', NULL),
(885, 'GOYAL', '16-12-2021', '16-12-2021', NULL),
(886, 'GUDDHALIA (GAUTAM)', '16-12-2021', '16-12-2021', NULL),
(887, 'GUDHENIA (GAUTAM)', '16-12-2021', '16-12-2021', NULL),
(888, 'GUGARIA (AGHAMRSHAN)', '16-12-2021', '16-12-2021', NULL),
(889, 'GUGARIYA (AGHAMRSHAN)', '16-12-2021', '16-12-2021', NULL),
(890, 'GUGGLIA (VASHISHTH)', '16-12-2021', '16-12-2021', NULL),
(891, 'GUGLIA (VASHISHTH)', '16-12-2021', '16-12-2021', NULL),
(892, 'GUGOORIYA (AGHAMRSHAN)', '16-12-2021', '16-12-2021', NULL),
(893, 'GULANIA (MUDGAL)', '16-12-2021', '16-12-2021', NULL),
(894, 'GURADIA (VASHISHTH)', '16-12-2021', '16-12-2021', NULL),
(895, 'GURADWAL (AGHAMRSHAN)', '16-12-2021', '16-12-2021', NULL),
(896, 'GURAWA (VATSYA)', '16-12-2021', '16-12-2021', NULL),
(897, 'GURAWADIA', '16-12-2021', '16-12-2021', NULL),
(898, 'GURDARIYA (AGHAMRSHAN)', '16-12-2021', '16-12-2021', NULL),
(899, 'GURJAR', '16-12-2021', '16-12-2021', NULL),
(900, 'GURWANA (UPMANYU)', '16-12-2021', '16-12-2021', NULL),
(901, 'GUSAWAR (GAUTAM)', '16-12-2021', '16-12-2021', NULL),
(902, 'GUTAR (VASHISHTH)', '16-12-2021', '16-12-2021', NULL),
(903, 'GUWALANA (UPMANYU)', '16-12-2021', '16-12-2021', NULL),
(904, 'GUWALYA (VATSYA)', '16-12-2021', '16-12-2021', NULL),
(905, 'GWAL (MUDGAL)', '16-12-2021', '16-12-2021', NULL),
(906, 'HADOLIA (RIKSHU)', '16-12-2021', '16-12-2021', NULL),
(907, 'HAJARIA', '16-12-2021', '16-12-2021', NULL),
(908, 'HAMIRPURIA (KASHYAP)', '16-12-2021', '16-12-2021', NULL),
(909, 'HAMROTHIA (DIRGHTAMA)', '16-12-2021', '16-12-2021', NULL),
(910, 'HAMROTHIYA (DIRGHTAMA)', '16-12-2021', '16-12-2021', NULL),
(911, 'HANOON (VAMDEV)', '16-12-2021', '16-12-2021', NULL),
(912, 'HANSANIA (KONDINYA)', '16-12-2021', '16-12-2021', NULL),
(913, 'HANSWAL (BHARDWAJ)', '16-12-2021', '16-12-2021', NULL),
(914, 'HANSWAR (BHARDWAJ)', '16-12-2021', '16-12-2021', NULL),
(915, 'HANUWANA (VATSYA)', '16-12-2021', '16-12-2021', NULL),
(916, 'HARDOLIA (VASHISHTH)', '16-12-2021', '16-12-2021', NULL),
(917, 'HARDWARIA (KONDINYA)', '16-12-2021', '16-12-2021', NULL),
(918, 'HARGOTHA (VATSYA)', '16-12-2021', '16-12-2021', NULL),
(919, 'HARITWAL (VAMDEV)', '16-12-2021', '16-12-2021', NULL),
(920, 'HARIYANIA (VASHISHTH)', '16-12-2021', '16-12-2021', NULL),
(921, 'HARAMOTHIYA (DIRGHTAMA)', '16-12-2021', '16-12-2021', NULL),
(922, 'HARNIA (VASHISHTH)', '16-12-2021', '16-12-2021', NULL),
(923, 'HAROTIA (VATS)', '16-12-2021', '16-12-2021', NULL),
(924, 'HAROYANE', '16-12-2021', '16-12-2021', NULL),
(925, 'HARSHWAL (KONDINYA)', '16-12-2021', '16-12-2021', NULL),
(926, 'HARSIA (DIRGHTAMA)', '16-12-2021', '16-12-2021', NULL),
(927, 'HARSOLIA (DIRGHTAMA)', '16-12-2021', '16-12-2021', NULL),
(928, 'HARSORA (RIKSHU)', '16-12-2021', '16-12-2021', NULL),
(929, 'HARSUKH (SHANDILYA)', '16-12-2021', '16-12-2021', NULL),
(930, 'HARWALIA (GAUTAM)', '16-12-2021', '16-12-2021', NULL),
(931, 'HARYANA (VASHISHTH)', '16-12-2021', '16-12-2021', NULL),
(932, 'HARYANE (DIRGHTAMA)', '16-12-2021', '16-12-2021', NULL),
(933, 'HASEL', '16-12-2021', '16-12-2021', NULL),
(934, 'HASORA (RIKSHU)', '16-12-2021', '16-12-2021', NULL),
(935, 'HASRAWAR', '16-12-2021', '16-12-2021', NULL),
(936, 'HASWAL (BHARDWAJ)', '16-12-2021', '16-12-2021', NULL),
(937, 'HATANIA (KASHYAP)', '16-12-2021', '16-12-2021', NULL),
(938, 'HATHANIA (KASHYAP)', '16-12-2021', '16-12-2021', NULL),
(939, 'HATHNIA (KASHYAP)', '16-12-2021', '16-12-2021', NULL),
(940, 'HAYAL', '16-12-2021', '16-12-2021', NULL),
(941, 'HELAK (VAMDEV)', '16-12-2021', '16-12-2021', NULL),
(942, 'HELAKA (VAMDEV)', '16-12-2021', '16-12-2021', NULL),
(943, 'HENKIT (VAMDEV)', '16-12-2021', '16-12-2021', NULL),
(944, 'HERKAT (VAMDEV)', '16-12-2021', '16-12-2021', NULL),
(945, 'HEWASI (VID)', '16-12-2021', '16-12-2021', NULL),
(946, 'HIGUNIA', '16-12-2021', '16-12-2021', NULL),
(947, 'HINNMAR (RIKSHU)', '16-12-2021', '16-12-2021', NULL),
(948, 'HINNWAL (RIKSHU)', '16-12-2021', '16-12-2021', NULL),
(949, 'HIRANWAL (RIKSHU)', '16-12-2021', '16-12-2021', NULL),
(950, 'HIRNAYWAL (RIKSHU)', '16-12-2021', '16-12-2021', NULL),
(951, 'HITANWAL', '16-12-2021', '16-12-2021', NULL),
(952, 'HOSAL (DIRGHTAMA)', '16-12-2021', '16-12-2021', NULL),
(953, 'HOSHIYAPURIA (KASHYAP)', '16-12-2021', '16-12-2021', NULL),
(954, 'HUKKHI (VASHISHTH)', '16-12-2021', '16-12-2021', NULL),
(955, 'HULARA (DIRGHTAMA)', '16-12-2021', '16-12-2021', NULL),
(956, 'HUSALWAR (VASHISHTH)', '16-12-2021', '16-12-2021', NULL),
(957, 'IDIWAL', '16-12-2021', '16-12-2021', NULL),
(958, 'IGAN (UPMANYU)', '16-12-2021', '16-12-2021', NULL),
(959, 'INANIA (BHARDWAJ)', '16-12-2021', '16-12-2021', NULL),
(960, 'INANIYA (BHARDWAJ)', '16-12-2021', '16-12-2021', NULL),
(961, 'INAPA (GAUTAM)', '16-12-2021', '16-12-2021', NULL),
(962, 'INDERANIA (UPMANYU)', '16-12-2021', '16-12-2021', NULL),
(963, 'INDORIA (VATSYA)', '16-12-2021', '16-12-2021', NULL),
(964, 'INDORIYA (VATSYA)', '16-12-2021', '16-12-2021', NULL),
(965, 'INDRALOK (BHARDWAJ)', '16-12-2021', '16-12-2021', NULL),
(966, 'INDRANIA (UPMANYU)', '16-12-2021', '16-12-2021', NULL),
(967, 'ISARANIA', '16-12-2021', '16-12-2021', NULL),
(968, 'ITARIJADAM (SHANDILYA)', '16-12-2021', '16-12-2021', NULL),
(969, 'JADIWAL', '16-12-2021', '16-12-2021', NULL),
(970, 'JAKHINA (LOGAKSHI)', '16-12-2021', '16-12-2021', NULL),
(971, 'JALADIA', '16-12-2021', '16-12-2021', NULL),
(972, 'JALE (SHANDILYA)', '16-12-2021', '16-12-2021', NULL),
(973, 'JALOTHIA', '16-12-2021', '16-12-2021', NULL),
(974, 'JALWAL', '16-12-2021', '16-12-2021', NULL),
(975, 'JAMUNIA (AGHAMRSHAN)', '16-12-2021', '16-12-2021', NULL),
(976, 'JANBHAD', '16-12-2021', '16-12-2021', NULL),
(977, 'JANGLYA (VAMDEV)', '16-12-2021', '16-12-2021', NULL),
(978, 'JANUDA (LOGAKSHI)', '16-12-2021', '16-12-2021', NULL),
(979, 'JAROTIA', '16-12-2021', '16-12-2021', NULL),
(980, 'JAYALWAL', '16-12-2021', '16-12-2021', NULL),
(981, 'JADAVA (JATUKARNY)', '16-12-2021', '16-12-2021', NULL),
(982, 'JADAWA (JATUKARNY)', '16-12-2021', '16-12-2021', NULL),
(983, 'JADAWAL (VAMDEV)', '16-12-2021', '16-12-2021', NULL),
(984, 'JADOTIA', '16-12-2021', '16-12-2021', NULL),
(985, 'JADWAL (VASHISHTH)', '16-12-2021', '16-12-2021', NULL),
(986, 'JADWALIA (VAMDEV)', '16-12-2021', '16-12-2021', NULL),
(987, 'JAGESHWAR (VAMDEV)', '16-12-2021', '16-12-2021', NULL),
(988, 'JAGLAN', '16-12-2021', '16-12-2021', NULL),
(989, 'JAIWAL (VID)', '16-12-2021', '16-12-2021', NULL),
(990, 'JAKHOTTARE (VAMDEV)', '16-12-2021', '16-12-2021', NULL),
(991, 'JALA (SHANDILYA)', '16-12-2021', '16-12-2021', NULL),
(992, 'JALANIA', '16-12-2021', '16-12-2021', NULL),
(993, 'JALANIYA', '16-12-2021', '16-12-2021', NULL),
(994, 'JALEWAL', '16-12-2021', '16-12-2021', NULL),
(995, 'JALLE', '16-12-2021', '16-12-2021', NULL),
(996, 'JALODIA (VAMDEV)', '16-12-2021', '16-12-2021', NULL),
(997, 'JALODIYA (VAMDEV)', '16-12-2021', '16-12-2021', NULL),
(998, 'JALRIYE (VASHISHTH)', '16-12-2021', '16-12-2021', NULL),
(999, 'JALUDIA (VAMDEV)', '16-12-2021', '16-12-2021', NULL),
(1000, 'JALUNDIA (VAMDEV)', '16-12-2021', '16-12-2021', NULL),
(1001, 'JALUNIA (RIKSHU)', '16-12-2021', '16-12-2021', NULL),
(1002, 'JALWAR', '16-12-2021', '16-12-2021', NULL),
(1003, 'JANOLA (VAMDEV)', '16-12-2021', '16-12-2021', NULL),
(1004, 'JARODIA', '16-12-2021', '16-12-2021', NULL),
(1005, 'JARUDIA', '16-12-2021', '16-12-2021', NULL),
(1006, 'JATALIWAL', '16-12-2021', '16-12-2021', NULL),
(1007, 'JATAWA', '16-12-2021', '16-12-2021', NULL),
(1008, 'JATHAWE', '16-12-2021', '16-12-2021', NULL),
(1009, 'JATULE (VAMDEV)', '16-12-2021', '16-12-2021', NULL),
(1010, 'JAWALYA (VATSYA)', '16-12-2021', '16-12-2021', NULL),
(1011, 'JAYPAL', '16-12-2021', '16-12-2021', NULL),
(1012, 'JEBANWAL(KONDINYA)', '16-12-2021', '16-12-2021', NULL),
(1013, 'JEDHOWAL (GAVISHTHAR)', '16-12-2021', '16-12-2021', NULL),
(1014, 'JEEJHOTIA', '16-12-2021', '16-12-2021', NULL),
(1015, 'JEEPALWAL', '16-12-2021', '16-12-2021', NULL),
(1016, 'JEERIWAL', '16-12-2021', '16-12-2021', NULL),
(1017, 'JELWAL', '16-12-2021', '16-12-2021', NULL),
(1018, 'JENPURIA (MUDGAL)', '16-12-2021', '16-12-2021', NULL),
(1019, 'JEPAL (MUDGAL)', '16-12-2021', '16-12-2021', NULL),
(1020, 'JEPALIA', '16-12-2021', '16-12-2021', NULL),
(1021, 'JEPALIYA', '16-12-2021', '16-12-2021', NULL),
(1022, 'JEPARIA', '16-12-2021', '16-12-2021', NULL),
(1023, 'JETAL (GAVISHTHAR)', '16-12-2021', '16-12-2021', NULL),
(1024, 'JETHANIA', '16-12-2021', '16-12-2021', NULL),
(1025, 'JETHSHIYA (GAVISHTHAR)', '16-12-2021', '16-12-2021', NULL),
(1026, 'JHADILYA', '16-12-2021', '16-12-2021', NULL),
(1027, 'JHADOLA', '16-12-2021', '16-12-2021', NULL),
(1028, 'JHADOLIA', '16-12-2021', '16-12-2021', NULL),
(1029, 'JHADOLIYA', '16-12-2021', '16-12-2021', NULL),
(1030, 'JHAJDA (VATSYA)', '16-12-2021', '16-12-2021', NULL),
(1031, 'JHAKRECHA', '16-12-2021', '16-12-2021', NULL),
(1032, 'JHAL(KONDINYA)', '16-12-2021', '16-12-2021', NULL),
(1033, 'JHALA (KONDINYA)', '16-12-2021', '16-12-2021', NULL),
(1034, 'JHALANIA (UPMANYU)', '16-12-2021', '16-12-2021', NULL),
(1035, 'JHALERIA', '16-12-2021', '16-12-2021', NULL),
(1036, 'JHALJHALA(VATS)', '16-12-2021', '16-12-2021', NULL),
(1037, 'JHALODIYA', '16-12-2021', '16-12-2021', NULL),
(1038, 'JHALORIA (UPMANYU)', '16-12-2021', '16-12-2021', NULL),
(1039, 'JHALOYA (VATSYA)', '16-12-2021', '16-12-2021', NULL),
(1040, 'JHALUNDIYA', '16-12-2021', '16-12-2021', NULL),
(1041, 'JHAMDOLA', '16-12-2021', '16-12-2021', NULL),
(1042, 'JHAMRIA', '16-12-2021', '16-12-2021', NULL),
(1043, 'JHANDWAL', '16-12-2021', '16-12-2021', NULL),
(1044, 'JHANELA(GAUTAM)', '16-12-2021', '16-12-2021', NULL),
(1045, 'JHANS (KONDINYA)', '16-12-2021', '16-12-2021', NULL),
(1046, 'JHATAWA', '16-12-2021', '16-12-2021', NULL),
(1047, 'JHATEWA', '16-12-2021', '16-12-2021', NULL),
(1048, 'JHATHAWA (VAMDEV)', '16-12-2021', '16-12-2021', NULL),
(1049, 'JHATWALYA (VAMDEV)', '16-12-2021', '16-12-2021', NULL),
(1050, 'JHEEJARA', '16-12-2021', '16-12-2021', NULL),
(1051, 'JHILOIYA (VATSYA)', '16-12-2021', '16-12-2021', NULL),
(1052, 'JHILOYA (VATSYA)', '16-12-2021', '16-12-2021', NULL),
(1053, 'JHINGAN (BHARDWAJ)', '16-12-2021', '16-12-2021', NULL),
(1054, 'JHIRAWA (BHARDWAJ)', '16-12-2021', '16-12-2021', NULL),
(1055, 'JHITAWA (BHARDWAJ)', '16-12-2021', '16-12-2021', NULL),
(1056, 'JHITHAWA (BHARDWAJ)', '16-12-2021', '16-12-2021', NULL),
(1057, 'JHIYA (BHARDWAJ)', '16-12-2021', '16-12-2021', NULL),
(1058, 'JHLURIYO', '16-12-2021', '16-12-2021', NULL),
(1059, 'JHODOLIYA (KASHYAP)', '16-12-2021', '16-12-2021', NULL),
(1060, 'JHODUDA (GAUTAM)', '16-12-2021', '16-12-2021', NULL),
(1061, 'JHOHEDA', '16-12-2021', '16-12-2021', NULL),
(1062, 'JHOL', '16-12-2021', '16-12-2021', NULL),
(1063, 'JHOLONIA', '16-12-2021', '16-12-2021', NULL),
(1064, 'JHOLOYA (VATSYA)', '16-12-2021', '16-12-2021', NULL),
(1065, 'JHOLUDIA (VATSYA)', '16-12-2021', '16-12-2021', NULL),
(1066, 'JHUGHARIA (JATUKARNY)', '16-12-2021', '16-12-2021', NULL),
(1067, 'JHULANIA (VID)', '16-12-2021', '16-12-2021', NULL),
(1068, 'JHULJHULIA (VATS)', '16-12-2021', '16-12-2021', NULL),
(1069, 'JHUMARWAL (VID)', '16-12-2021', '16-12-2021', NULL),
(1070, 'JHUMUTIA (JATUKARNY)', '16-12-2021', '16-12-2021', NULL),
(1071, 'JHUNJHALIA', '16-12-2021', '16-12-2021', NULL),
(1072, 'JHUNJHANIA', '16-12-2021', '16-12-2021', NULL),
(1073, 'JHUNJHUNIA', '16-12-2021', '16-12-2021', NULL),
(1074, 'JHURJHALIA', '16-12-2021', '16-12-2021', NULL),
(1075, 'JHURJHLIYA', '16-12-2021', '16-12-2021', NULL),
(1076, 'JHURJHULIYA', '16-12-2021', '16-12-2021', NULL),
(1077, 'JHURWA (VATS)', '16-12-2021', '16-12-2021', NULL),
(1078, 'JITHAWA (JATUKARNY)', '16-12-2021', '16-12-2021', NULL),
(1079, 'JITHIWA (JATUKARNY)', '16-12-2021', '16-12-2021', NULL),
(1080, 'JOD(VAMDEV)', '16-12-2021', '16-12-2021', NULL),
(1081, 'JOGINIYA (VATS)', '16-12-2021', '16-12-2021', NULL),
(1082, 'JOGLEKAR (GAUTAM)', '16-12-2021', '16-12-2021', NULL),
(1083, 'JOHAD', '16-12-2021', '16-12-2021', NULL),
(1084, 'JOJIYA(MUDGAL)', '16-12-2021', '16-12-2021', NULL),
(1085, 'JOLANEYA', '16-12-2021', '16-12-2021', NULL),
(1086, 'JOLANIA (GAVISHTHAR)', '16-12-2021', '16-12-2021', NULL),
(1087, 'JOLANIYA (GAUTAM)', '16-12-2021', '16-12-2021', NULL),
(1088, 'JOLNIA(GAUTAM)', '16-12-2021', '16-12-2021', NULL),
(1089, 'JOPALIA (BHARDWAJ)', '16-12-2021', '16-12-2021', NULL),
(1090, 'JOPALIYA (BHARDWAJ)', '16-12-2021', '16-12-2021', NULL),
(1091, 'JOPALYA (BHARDWAJ)', '16-12-2021', '16-12-2021', NULL),
(1092, 'JOPATWAL(VATS)', '16-12-2021', '16-12-2021', NULL),
(1093, 'JOPEEN', '16-12-2021', '16-12-2021', NULL),
(1094, 'JOPING (GAVISHTHAR)', '16-12-2021', '16-12-2021', NULL),
(1095, 'JOPPING (GAVISHTHAR)', '16-12-2021', '16-12-2021', NULL),
(1096, 'JOSHHNIA(GAVISHTHAR)', '16-12-2021', '16-12-2021', NULL),
(1097, 'JOSHI (MUDGAL)', '16-12-2021', '16-12-2021', NULL),
(1098, 'JOWALIA (BHARDWAJ)', '16-12-2021', '16-12-2021', NULL),
(1099, 'JOWDIA', '16-12-2021', '16-12-2021', NULL),
(1100, 'KACHNARA (GAUTAM)', '16-12-2021', '16-12-2021', NULL),
(1101, 'KACHNIA', '16-12-2021', '16-12-2021', NULL),
(1102, 'KACHORIA', '16-12-2021', '16-12-2021', NULL),
(1103, 'KACHURIA (LOGAKSHI)', '16-12-2021', '16-12-2021', NULL),
(1104, 'KADAIYA (VID)', '16-12-2021', '16-12-2021', NULL),
(1105, 'KADAIYAN (VID)', '16-12-2021', '16-12-2021', NULL),
(1106, 'KADEIYA (VID)', '16-12-2021', '16-12-2021', NULL),
(1107, 'KADHAWANIA (VASHISHTH)', '16-12-2021', '16-12-2021', NULL),
(1108, 'KADHWANIA (VASHISHTH)', '16-12-2021', '16-12-2021', NULL),
(1109, 'KADHWANIYA (VASHISHTH)', '16-12-2021', '16-12-2021', NULL),
(1110, 'KADLAWA (DIRGHTAMA)', '16-12-2021', '16-12-2021', NULL),
(1111, 'KADLUA (DIRGHTAMA)', '16-12-2021', '16-12-2021', NULL),
(1112, 'KADNYA(KONDINYA)', '16-12-2021', '16-12-2021', NULL),
(1113, 'KADORIYA', '16-12-2021', '16-12-2021', NULL),
(1114, 'KADVANIYA (VASHISHTH)', '16-12-2021', '16-12-2021', NULL),
(1115, 'KADWAL (JATUKARNY)', '16-12-2021', '16-12-2021', NULL),
(1116, 'KADWANE', '16-12-2021', '16-12-2021', NULL),
(1117, 'KADWANIYA (VASHISHTH)', '16-12-2021', '16-12-2021', NULL),
(1118, 'KAGSIYA (UPMANYU)', '16-12-2021', '16-12-2021', NULL),
(1119, 'KAHLA', '16-12-2021', '16-12-2021', NULL),
(1120, 'KAHNAL(VASHISHTH)', '16-12-2021', '16-12-2021', NULL),
(1121, 'KAHWAL (KONDINYA)', '16-12-2021', '16-12-2021', NULL),
(1122, 'KAKARWAL', '16-12-2021', '16-12-2021', NULL),
(1123, 'KAKAT (UPMANYU)', '16-12-2021', '16-12-2021', NULL),
(1124, 'KAKDA(GAUTAM)', '16-12-2021', '16-12-2021', NULL),
(1125, 'KAKDAVA (DIRGHTAMA)', '16-12-2021', '16-12-2021', NULL),
(1126, 'KAKDAWA (DIRGHTAMA)', '16-12-2021', '16-12-2021', NULL),
(1127, 'KAKHWAL', '16-12-2021', '16-12-2021', NULL),
(1128, 'KAKIHAN', '16-12-2021', '16-12-2021', NULL),
(1129, 'KAKLIYA (VID)', '16-12-2021', '16-12-2021', NULL),
(1130, 'KAKODIA (BHARDWAJ)', '16-12-2021', '16-12-2021', NULL),
(1131, 'KAKODIYA (BHARDWAJ)', '16-12-2021', '16-12-2021', NULL),
(1132, 'KAKORA (RIKSHU)', '16-12-2021', '16-12-2021', NULL),
(1133, 'KAKORIA (BHARDWAJ)', '16-12-2021', '16-12-2021', NULL),
(1134, 'KAKRADIA (KONDINYA)', '16-12-2021', '16-12-2021', NULL),
(1135, 'KAKRALYA (VATSYA)', '16-12-2021', '16-12-2021', NULL),
(1136, 'KAKRAN', '16-12-2021', '16-12-2021', NULL),
(1137, 'KAKRAYA (VID)', '16-12-2021', '16-12-2021', NULL),
(1138, 'KAKRIWAL (KASHYAP)', '16-12-2021', '16-12-2021', NULL),
(1139, 'KAKROLIYA (GAVISHTHAR)', '16-12-2021', '16-12-2021', NULL),
(1140, 'KAKTAYAN(JATUKARNY)', '16-12-2021', '16-12-2021', NULL),
(1141, 'KAKTIA (BHARDWAJ)', '16-12-2021', '16-12-2021', NULL),
(1142, 'KAKTIHAN', '16-12-2021', '16-12-2021', NULL),
(1143, 'KAKTIYA (BHARDWAJ)', '16-12-2021', '16-12-2021', NULL),
(1144, 'KAKTYAN (JATUKARNY)', '16-12-2021', '16-12-2021', NULL),
(1145, 'KALA (VATS)', '16-12-2021', '16-12-2021', NULL),
(1146, 'KALAIYA (KONDINYA)', '16-12-2021', '16-12-2021', NULL),
(1147, 'KALE (VATS)', '16-12-2021', '16-12-2021', NULL),
(1148, 'KALERAMNA', '16-12-2021', '16-12-2021', NULL),
(1149, 'KALEYA', '16-12-2021', '16-12-2021', NULL),
(1150, 'KALIA', '16-12-2021', '16-12-2021', NULL),
(1151, 'KALNIYA', '16-12-2021', '16-12-2021', NULL),
(1152, 'KALOA', '16-12-2021', '16-12-2021', NULL),
(1153, 'KALOIA (KONDINYA)', '16-12-2021', '16-12-2021', NULL),
(1154, 'KALOIYA (KONDINYA)', '16-12-2021', '16-12-2021', NULL),
(1155, 'KALONIA (KONDINYA)', '16-12-2021', '16-12-2021', NULL),
(1156, 'KALONIYA (KONDINYA)', '16-12-2021', '16-12-2021', NULL),
(1157, 'KALOYA (KONDINYA)', '16-12-2021', '16-12-2021', NULL),
(1158, 'KALUNDIA (KONDINYA)', '16-12-2021', '16-12-2021', NULL),
(1159, 'KALUNIA', '16-12-2021', '16-12-2021', NULL),
(1160, 'KALWADA', '16-12-2021', '16-12-2021', NULL),
(1161, 'KALWADIA (DIRGHTAMA)', '16-12-2021', '16-12-2021', NULL),
(1162, 'KAMALPURIA (LOGAKSHI)', '16-12-2021', '16-12-2021', NULL),
(1163, 'KAMALPURIYA (LOGAKSHI)', '16-12-2021', '16-12-2021', NULL),
(1164, 'KAMBLECHA', '16-12-2021', '16-12-2021', NULL),
(1165, 'KAMPOO (UPMANYU)', '16-12-2021', '16-12-2021', NULL),
(1166, 'KANASH (SHANDILYA)', '16-12-2021', '16-12-2021', NULL),
(1167, 'KANDELIA', '16-12-2021', '16-12-2021', NULL),
(1168, 'KANDHARI(UPMANYU)', '16-12-2021', '16-12-2021', NULL),
(1169, 'KANGDOWA (KASHYAP)', '16-12-2021', '16-12-2021', NULL),
(1170, 'KANICHA (BHARDWAJ)', '16-12-2021', '16-12-2021', NULL),
(1171, 'KANJAWAT (VASHISHTH)', '16-12-2021', '16-12-2021', NULL),
(1172, 'KANKANIA', '16-12-2021', '16-12-2021', NULL),
(1173, 'KANKEJWAL (VAMDEV)', '16-12-2021', '16-12-2021', NULL),
(1174, 'KANKRANIA', '16-12-2021', '16-12-2021', NULL),
(1175, 'KANLECHA', '16-12-2021', '16-12-2021', NULL),
(1176, 'KANODA (BHARDWAJ)', '16-12-2021', '16-12-2021', NULL),
(1177, 'KANODIA (BHARDWAJ)', '16-12-2021', '16-12-2021', NULL),
(1178, 'KANOTHIA (VID)', '16-12-2021', '16-12-2021', NULL),
(1179, 'KANSARIA (JATUKARNY)', '16-12-2021', '16-12-2021', NULL),
(1180, 'KANSHERWAL(BHARDWAJ)', '16-12-2021', '16-12-2021', NULL),
(1181, 'KANSLIWAL', '16-12-2021', '16-12-2021', NULL),
(1182, 'KANTAYAN', '16-12-2021', '16-12-2021', NULL),
(1183, 'KANTYAN', '16-12-2021', '16-12-2021', NULL),
(1184, 'KANUDA', '16-12-2021', '16-12-2021', NULL),
(1185, 'KANUNDA', '16-12-2021', '16-12-2021', NULL),
(1186, 'KANVAJIA (SHANDILYA)', '16-12-2021', '16-12-2021', NULL),
(1187, 'KANVALECHA (VASHISHTH)', '16-12-2021', '16-12-2021', NULL),
(1188, 'KANVLECHA (VASHISHTH)', '16-12-2021', '16-12-2021', NULL),
(1189, 'KANVLEYA', '16-12-2021', '16-12-2021', NULL),
(1190, 'KANWALPURIA', '16-12-2021', '16-12-2021', NULL),
(1191, 'KANWLECHA (VASHISHTH)', '16-12-2021', '16-12-2021', NULL),
(1192, 'KAPDO(VID)', '16-12-2021', '16-12-2021', NULL),
(1193, 'KAPIL (VASHISHTH)', '16-12-2021', '16-12-2021', NULL),
(1194, 'KAPILDEV (VID)', '16-12-2021', '16-12-2021', NULL),
(1195, 'KAPOORIA (KONDINYA)', '16-12-2021', '16-12-2021', NULL),
(1196, 'KAPOORWAL (KONDINYA)', '16-12-2021', '16-12-2021', NULL),
(1197, 'KAPURWAL (KONDINYA)', '16-12-2021', '16-12-2021', NULL),
(1198, 'KARADA (KONDINYA)', '16-12-2021', '16-12-2021', NULL),
(1199, 'KARAL (MUDGAL)', '16-12-2021', '16-12-2021', NULL),
(1200, 'KARDAM (DIRGHTAMA)', '16-12-2021', '16-12-2021', NULL),
(1201, 'KAREL (MUDGAL)', '16-12-2021', '16-12-2021', NULL),
(1202, 'KARELI (BHARDWAJ)', '16-12-2021', '16-12-2021', NULL),
(1203, 'KARHOTIA (UPMANYU)', '16-12-2021', '16-12-2021', NULL),
(1204, 'KARLEKAR(BHARDWAJ)', '16-12-2021', '16-12-2021', NULL),
(1205, 'KARNATIY (UPMANYU)', '16-12-2021', '16-12-2021', NULL),
(1206, 'KAROLIA (KONDINYA)', '16-12-2021', '16-12-2021', NULL),
(1207, 'KAROTA (GAUTAM)', '16-12-2021', '16-12-2021', NULL),
(1208, 'KAROTHWAL', '16-12-2021', '16-12-2021', NULL),
(1209, 'KARPOORA (UPMANYU)', '16-12-2021', '16-12-2021', NULL),
(1210, 'KARSAL (UPMANYU)', '16-12-2021', '16-12-2021', NULL),
(1211, 'KARTARIY (VASHISHTH)', '16-12-2021', '16-12-2021', NULL),
(1212, 'KARUDIYA', '16-12-2021', '16-12-2021', NULL),
(1213, 'KARWAL (JATUKARNY)', '16-12-2021', '16-12-2021', NULL),
(1214, 'KASAWADIA', '16-12-2021', '16-12-2021', NULL),
(1215, 'KASHLIWAL (VAMDEV)', '16-12-2021', '16-12-2021', NULL),
(1216, 'KASHMORIA(MUDGAL)', '16-12-2021', '16-12-2021', NULL),
(1217, 'KASHYAP', '16-12-2021', '16-12-2021', NULL),
(1218, 'KASLIWAL (VAMDEV)', '16-12-2021', '16-12-2021', NULL),
(1219, 'KASTURIA (GAUTAM)', '16-12-2021', '16-12-2021', NULL),
(1220, 'KASUMBIWAL', '16-12-2021', '16-12-2021', NULL),
(1221, 'KATAIA (VID)', '16-12-2021', '16-12-2021', NULL),
(1222, 'KATAR (VASHISHTH)', '16-12-2021', '16-12-2021', NULL),
(1223, 'KATARIA (UPMANYU)', '16-12-2021', '16-12-2021', NULL),
(1224, 'KATARIYA (UPMANYU)', '16-12-2021', '16-12-2021', NULL),
(1225, 'KATDIA (UPMANYU)', '16-12-2021', '16-12-2021', NULL),
(1226, 'KATDIWAL (DIRGHTAMA)', '16-12-2021', '16-12-2021', NULL),
(1227, 'KATHMADIA (GAVISHTHAR)', '16-12-2021', '16-12-2021', NULL),
(1228, 'KATHOR', '16-12-2021', '16-12-2021', NULL),
(1229, 'KATHRIWAL (DIRGHTAMA)', '16-12-2021', '16-12-2021', NULL),
(1230, 'KATHSURIA', '16-12-2021', '16-12-2021', NULL),
(1231, 'KATHUMARIA (SHANDILYA)', '16-12-2021', '16-12-2021', NULL),
(1232, 'KATHUMARIYA (SHANDILYA)', '16-12-2021', '16-12-2021', NULL),
(1233, 'KATHUMASARIYA (SHANDILYA)', '16-12-2021', '16-12-2021', NULL),
(1234, 'KATHUMBARIA (SHANDILYA)', '16-12-2021', '16-12-2021', NULL),
(1235, 'KATHWANIA', '16-12-2021', '16-12-2021', NULL),
(1236, 'KATKHANA', '16-12-2021', '16-12-2021', NULL),
(1237, 'KATORIWAL (DIRGHTAMA)', '16-12-2021', '16-12-2021', NULL),
(1238, 'KATPAL (VAMDEV)', '16-12-2021', '16-12-2021', NULL),
(1239, 'KATSURIA', '16-12-2021', '16-12-2021', NULL),
(1240, 'KATTAR', '16-12-2021', '16-12-2021', NULL),
(1241, 'KATUMARIA', '16-12-2021', '16-12-2021', NULL),
(1242, 'KATUWADIA', '16-12-2021', '16-12-2021', NULL),
(1243, 'KATWAL (KONDINYA)', '16-12-2021', '16-12-2021', NULL),
(1244, 'KATYAYAN (JATUKARNY)', '16-12-2021', '16-12-2021', NULL),
(1245, 'KAUSHLYA', '16-12-2021', '16-12-2021', NULL),
(1246, 'KAUTAL (SHANDILYA)', '16-12-2021', '16-12-2021', NULL),
(1247, 'KAVLECHA', '16-12-2021', '16-12-2021', NULL),
(1248, 'KAWAHAN(VID)', '16-12-2021', '16-12-2021', NULL),
(1249, 'KAWARPRAYA', '16-12-2021', '16-12-2021', NULL),
(1250, 'KAWHAN (VID)', '16-12-2021', '16-12-2021', NULL),
(1251, 'KAWISA (VASHISHTH)', '16-12-2021', '16-12-2021', NULL),
(1252, 'KAWISWAL(BHARDWAJ)', '16-12-2021', '16-12-2021', NULL),
(1253, 'KAWLECHA', '16-12-2021', '16-12-2021', NULL),
(1254, 'KEDARIA (VATS)', '16-12-2021', '16-12-2021', NULL),
(1255, 'KEELAK (VID)', '16-12-2021', '16-12-2021', NULL),
(1256, 'KELEDIA(JATUKARNY)', '16-12-2021', '16-12-2021', NULL),
(1257, 'KELIA (JATUKARNY)', '16-12-2021', '16-12-2021', NULL),
(1258, 'KERAEV (DIRGHTAMA)', '16-12-2021', '16-12-2021', NULL),
(1259, 'KERWAL (BHARDWAJ)', '16-12-2021', '16-12-2021', NULL),
(1260, 'KESHODIA(BHARDWAJ)', '16-12-2021', '16-12-2021', NULL),
(1261, 'KESHVANYA (VATS)', '16-12-2021', '16-12-2021', NULL),
(1262, 'KESHWANIA (VATS)', '16-12-2021', '16-12-2021', NULL),
(1263, 'KHADALWAL (AGHAMRSHAN)', '16-12-2021', '16-12-2021', NULL),
(1264, 'KHADANIA', '16-12-2021', '16-12-2021', NULL),
(1265, 'KHADANIYA', '16-12-2021', '16-12-2021', NULL),
(1266, 'KHADEWAL (GAVISHTHAR)', '16-12-2021', '16-12-2021', NULL),
(1267, 'KHAJOTIA (RIKSHU)', '16-12-2021', '16-12-2021', NULL),
(1268, 'KHAJURE(RIKSHU)', '16-12-2021', '16-12-2021', NULL),
(1269, 'KHAJURIA', '16-12-2021', '16-12-2021', NULL),
(1270, 'KHAJWADIA (GAVISHTHAR)', '16-12-2021', '16-12-2021', NULL),
(1271, 'KHAJWANIA (GAVISHTHAR)', '16-12-2021', '16-12-2021', NULL),
(1272, 'KHALEKAR', '16-12-2021', '16-12-2021', NULL),
(1273, 'KHALVANIYA (BHARDWAJ)', '16-12-2021', '16-12-2021', NULL),
(1274, 'KHALWANIA (BHARDWAJ)', '16-12-2021', '16-12-2021', NULL),
(1275, 'KHAMEEP (MUDGAL)', '16-12-2021', '16-12-2021', NULL),
(1276, 'KHANDEL(BHARDWAJ)', '16-12-2021', '16-12-2021', NULL),
(1277, 'KHANDELWAL (AGHAMRSHAN)', '16-12-2021', '16-12-2021', NULL),
(1278, 'KHANJABAR', '16-12-2021', '16-12-2021', NULL),
(1279, 'KHANJAWAR (RIKSHU)', '16-12-2021', '16-12-2021', NULL),
(1280, 'KHANJWALI(KASHYAP)', '16-12-2021', '16-12-2021', NULL),
(1281, 'KHANKHAPIRJOR (VASHISHTH)', '16-12-2021', '16-12-2021', NULL),
(1282, 'KHANKHARIA (VASHISHTH)', '16-12-2021', '16-12-2021', NULL),
(1283, 'KHANTALIA (GAVISHTHAR)', '16-12-2021', '16-12-2021', NULL),
(1284, 'KHAPTEWAL(KONDINYA)', '16-12-2021', '16-12-2021', NULL),
(1285, 'KHARAN (KASHYAP)', '16-12-2021', '16-12-2021', NULL),
(1286, 'KHARETADA (KASHYAP)', '16-12-2021', '16-12-2021', NULL),
(1287, 'KHARKHANIA (MUDGAL)', '16-12-2021', '16-12-2021', NULL),
(1288, 'KHARKHELIA(VASHISHTH)', '16-12-2021', '16-12-2021', NULL),
(1289, 'KHARKHIYA', '16-12-2021', '16-12-2021', NULL),
(1290, 'KHARNALIA (VASHISHTH)', '16-12-2021', '16-12-2021', NULL),
(1291, 'KHARNALIYA (VASHISHTH)', '16-12-2021', '16-12-2021', NULL),
(1292, 'KHARODIA(VASHISHTH)', '16-12-2021', '16-12-2021', NULL),
(1293, 'KHARRAT (UPMANYU)', '16-12-2021', '16-12-2021', NULL),
(1294, 'KHARWADIA (KONDINYA)', '16-12-2021', '16-12-2021', NULL),
(1295, 'KHASPADA (GAUTAM)', '16-12-2021', '16-12-2021', NULL),
(1296, 'KHATDIA(GAUTAM)', '16-12-2021', '16-12-2021', NULL),
(1297, 'KHATOLIA', '16-12-2021', '16-12-2021', NULL),
(1298, 'KHATRI (GAUTAM)', '16-12-2021', '16-12-2021', NULL),
(1299, 'KHATUWADIA (KONDINYA)', '16-12-2021', '16-12-2021', NULL),
(1300, 'KHATWADIA (KONDINYA)', '16-12-2021', '16-12-2021', NULL),
(1301, 'KHATWARIA (KONDINYA)', '16-12-2021', '16-12-2021', NULL),
(1302, 'KHATWAS (KONDINYA)', '16-12-2021', '16-12-2021', NULL),
(1303, 'KHAWAR', '16-12-2021', '16-12-2021', NULL),
(1304, 'KHAWNIA(UPMANYU)', '16-12-2021', '16-12-2021', NULL),
(1305, 'KHEMDIA (VASHISHTH)', '16-12-2021', '16-12-2021', NULL),
(1306, 'KHEMRIA (UPMANYU)', '16-12-2021', '16-12-2021', NULL),
(1307, 'KHEPARTALEYA (UPMANYU)', '16-12-2021', '16-12-2021', NULL),
(1308, 'KHERANA', '16-12-2021', '16-12-2021', NULL),
(1309, 'KHERWAL (KASHYAP)', '16-12-2021', '16-12-2021', NULL),
(1310, 'KHETA (UPMANYU)', '16-12-2021', '16-12-2021', NULL),
(1311, 'KHETADIYA', '16-12-2021', '16-12-2021', NULL),
(1312, 'KHETARIA', '16-12-2021', '16-12-2021', NULL),
(1313, 'KHETARWAL (JATUKARNY)', '16-12-2021', '16-12-2021', NULL),
(1314, 'KHETLIA (JATUKARNY)', '16-12-2021', '16-12-2021', NULL),
(1315, 'KHETWAL (KASHYAP)', '16-12-2021', '16-12-2021', NULL),
(1316, 'KHIDRIA(GAVISHTHAR)', '16-12-2021', '16-12-2021', NULL),
(1317, 'KHIJOTIA', '16-12-2021', '16-12-2021', NULL),
(1318, 'KHIJWANIA', '16-12-2021', '16-12-2021', NULL),
(1319, 'KHILGANIA', '16-12-2021', '16-12-2021', NULL),
(1320, 'KHILWANIA', '16-12-2021', '16-12-2021', NULL),
(1321, 'KHIMSARA', '16-12-2021', '16-12-2021', NULL),
(1322, 'KHIRANA (RIKSHU)', '16-12-2021', '16-12-2021', NULL),
(1323, 'KHOGAL', '16-12-2021', '16-12-2021', NULL),
(1324, 'KHOKA (LOGAKSHI)', '16-12-2021', '16-12-2021', NULL),
(1325, 'KHOKHA (LOGAKSHI)', '16-12-2021', '16-12-2021', NULL),
(1326, 'KHOKHRIYA (VASHISHTH)', '16-12-2021', '16-12-2021', NULL),
(1327, 'KHOKHTLYA (JATUKARNY)', '16-12-2021', '16-12-2021', NULL),
(1328, 'KHOR(JATUKARNY)', '16-12-2021', '16-12-2021', NULL),
(1329, 'KHORIYA (VID)', '16-12-2021', '16-12-2021', NULL),
(1330, 'KHOWAL (GAVISHTHAR)', '16-12-2021', '16-12-2021', NULL),
(1331, 'KHUDANIA', '16-12-2021', '16-12-2021', NULL),
(1332, 'KHUDANIYA', '16-12-2021', '16-12-2021', NULL),
(1333, 'KHUMANCHA CHUWAN', '16-12-2021', '16-12-2021', NULL),
(1334, 'KHUNAMA (BHARDWAJ)', '16-12-2021', '16-12-2021', NULL),
(1335, 'KHUNOTTAR', '16-12-2021', '16-12-2021', NULL),
(1336, 'KHUTANIA(AGHAMRSHAN)', '16-12-2021', '16-12-2021', NULL),
(1337, 'KINJA (LOGAKSHI)', '16-12-2021', '16-12-2021', NULL),
(1338, 'KINJAGIRAWA (MUDGAL)', '16-12-2021', '16-12-2021', NULL),
(1339, 'KINWAL (MUDGAL)', '16-12-2021', '16-12-2021', NULL),
(1340, 'KISANPURIA', '16-12-2021', '16-12-2021', NULL),
(1341, 'KOCHORIA', '16-12-2021', '16-12-2021', NULL),
(1342, 'KODHALA (VID)', '16-12-2021', '16-12-2021', NULL),
(1343, 'KODIYA (VASHISHTH)', '16-12-2021', '16-12-2021', NULL),
(1344, 'KOKHTALA(VATS)', '16-12-2021', '16-12-2021', NULL),
(1345, 'KOMLYA (DIRGHTAMA)', '16-12-2021', '16-12-2021', NULL),
(1346, 'KONAYA (VASHISHTH)', '16-12-2021', '16-12-2021', NULL),
(1347, 'KONODIY (JATUKARNY)', '16-12-2021', '16-12-2021', NULL),
(1348, 'KOODWAL', '16-12-2021', '16-12-2021', NULL),
(1349, 'KOOLWAL (GAUTAM)', '16-12-2021', '16-12-2021', NULL),
(1350, 'KOOWAL (DIRGHTAMA)', '16-12-2021', '16-12-2021', NULL),
(1351, 'KORANA (VASHISHTH)', '16-12-2021', '16-12-2021', NULL),
(1352, 'KOSALIYA (AGHAMRSHAN)', '16-12-2021', '16-12-2021', NULL),
(1353, 'KOSHALA (AGHAMRSHAN)', '16-12-2021', '16-12-2021', NULL),
(1354, 'KOSHALIA (AGHAMRSHAN)', '16-12-2021', '16-12-2021', NULL),
(1355, 'KOSHALYA (AGHAMRSHAN)', '16-12-2021', '16-12-2021', NULL),
(1356, 'KOSHLIA (AGHAMRSHAN)', '16-12-2021', '16-12-2021', NULL),
(1357, 'KOSHLIWAL (VID)', '16-12-2021', '16-12-2021', NULL),
(1358, 'KOSHLIYA (DIRGHTAMA)', '16-12-2021', '16-12-2021', NULL),
(1359, 'KOSHLYA (DIRGHTAMA)', '16-12-2021', '16-12-2021', NULL),
(1360, 'KOSLAM', '16-12-2021', '16-12-2021', NULL),
(1361, 'KOSLIYA', '16-12-2021', '16-12-2021', NULL),
(1362, 'KOTAKATHLIYA (RIKSHU)', '16-12-2021', '16-12-2021', NULL),
(1363, 'KOTAMPURIA (VATSYA)', '16-12-2021', '16-12-2021', NULL),
(1364, 'KOTHAKATHLIYA (RIKSHU)', '16-12-2021', '16-12-2021', NULL),
(1365, 'KOTHAKULIA (RIKSHU)', '16-12-2021', '16-12-2021', NULL),
(1366, 'KOTHAKUTHALIA (RIKSHU)', '16-12-2021', '16-12-2021', NULL),
(1367, 'KOTHKATHLIYA (RIKSHU)', '16-12-2021', '16-12-2021', NULL),
(1368, 'KOTHKUTHALIA (RIKSHU)', '16-12-2021', '16-12-2021', NULL),
(1369, 'KOTHLYA (RIKSHU)', '16-12-2021', '16-12-2021', NULL),
(1370, 'KOTHUKTHLYA (RIKSHU)', '16-12-2021', '16-12-2021', NULL),
(1371, 'KOTKATHLIYA (RIKSHU)', '16-12-2021', '16-12-2021', NULL),
(1372, 'KOTKUTHALIYA (RIKSHU)', '16-12-2021', '16-12-2021', NULL),
(1373, 'KOTRESHA', '16-12-2021', '16-12-2021', NULL),
(1374, 'KUCHAURIYA (VID)', '16-12-2021', '16-12-2021', NULL),
(1375, 'KUCHAWALA (VATS)', '16-12-2021', '16-12-2021', NULL),
(1376, 'KUCHEDIA', '16-12-2021', '16-12-2021', NULL),
(1377, 'KUCHERIA', '16-12-2021', '16-12-2021', NULL),
(1378, 'KUCHORIA (VID)', '16-12-2021', '16-12-2021', NULL),
(1379, 'KUDAL (VAMDEV)', '16-12-2021', '16-12-2021', NULL),
(1380, 'KUDAWAR(VATSYA)', '16-12-2021', '16-12-2021', NULL),
(1381, 'KUDAWARIA (BHARDWAJ)', '16-12-2021', '16-12-2021', NULL),
(1382, 'KUDEWAL (VAMDEV)', '16-12-2021', '16-12-2021', NULL),
(1383, 'KUDWAL (VAMDEV)', '16-12-2021', '16-12-2021', NULL),
(1384, 'KUDWARIA(BHARDWAJ)', '16-12-2021', '16-12-2021', NULL),
(1385, 'KUKSIWAL (VATS)', '16-12-2021', '16-12-2021', NULL),
(1386, 'KULARIA (VATSYA)', '16-12-2021', '16-12-2021', NULL),
(1387, 'KULARIYA (VATSYA)', '16-12-2021', '16-12-2021', NULL),
(1388, 'KULEN(GAVISHTHAR)', '16-12-2021', '16-12-2021', NULL),
(1389, 'KULHA', '16-12-2021', '16-12-2021', NULL),
(1390, 'KULRIYA (KASHYAP)', '16-12-2021', '16-12-2021', NULL),
(1391, 'KULVICHAR (VAMDEV)', '16-12-2021', '16-12-2021', NULL),
(1392, 'KUMAWACH(VID)', '16-12-2021', '16-12-2021', NULL),
(1393, 'KUNDIY (GAVISHTHAR)', '16-12-2021', '16-12-2021', NULL),
(1394, 'KUNJAMA', '16-12-2021', '16-12-2021', NULL),
(1395, 'KUNJNIA', '16-12-2021', '16-12-2021', NULL),
(1396, 'KUNTAD', '16-12-2021', '16-12-2021', NULL),
(1397, 'KUNTAOD', '16-12-2021', '16-12-2021', NULL),
(1398, 'KURALIYA', '16-12-2021', '16-12-2021', NULL),
(1399, 'KURASIA', '16-12-2021', '16-12-2021', NULL),
(1400, 'KURMACHALI(SHANDILYA)', '16-12-2021', '16-12-2021', NULL),
(1401, 'KURUD (SHANDILYA)', '16-12-2021', '16-12-2021', NULL),
(1402, 'KUSIWAL (KASHYAP)', '16-12-2021', '16-12-2021', NULL),
(1403, 'KUSRIA (SHANDILYA)', '16-12-2021', '16-12-2021', NULL),
(1404, 'KUSUMBIWAL (VID)', '16-12-2021', '16-12-2021', NULL),
(1405, 'KUTWAL (VAMDEV)', '16-12-2021', '16-12-2021', NULL),
(1406, 'LACHHUNIA', '16-12-2021', '16-12-2021', NULL),
(1407, 'LACHORA (LOGAKSHI)', '16-12-2021', '16-12-2021', NULL),
(1408, 'LACHORYA (LOGAKSHI)', '16-12-2021', '16-12-2021', NULL),
(1409, 'LADANIA (VAMDEV)', '16-12-2021', '16-12-2021', NULL),
(1410, 'LADASIA', '16-12-2021', '16-12-2021', NULL),
(1411, 'LADHASIA', '16-12-2021', '16-12-2021', NULL),
(1412, 'LADHDIWAL', '16-12-2021', '16-12-2021', NULL),
(1413, 'LADHORIA (BHARDWAJ)', '16-12-2021', '16-12-2021', NULL),
(1414, 'LADHORIYA (BHARDWAJ)', '16-12-2021', '16-12-2021', NULL),
(1415, 'LADIWAL', '16-12-2021', '16-12-2021', NULL),
(1416, 'LADKA', '16-12-2021', '16-12-2021', NULL),
(1417, 'LADOIYA (BHARDWAJ)', '16-12-2021', '16-12-2021', NULL),
(1418, 'LADORIYA (BHARDWAJ)', '16-12-2021', '16-12-2021', NULL),
(1419, 'LADOYA (BHARDWAJ)', '16-12-2021', '16-12-2021', NULL),
(1420, 'LADRECHA (JATUKARNY)', '16-12-2021', '16-12-2021', NULL),
(1421, 'LADUIYA (SHANDILYA)', '16-12-2021', '16-12-2021', NULL),
(1422, 'LADWA(KASHYAP)', '16-12-2021', '16-12-2021', NULL),
(1423, 'LADWASIYA', '16-12-2021', '16-12-2021', NULL),
(1424, 'LADWASYA', '16-12-2021', '16-12-2021', NULL),
(1425, 'LAGHDIWAL (GAVISHTHAR)', '16-12-2021', '16-12-2021', NULL),
(1426, 'LAHARI', '16-12-2021', '16-12-2021', NULL),
(1427, 'LAHARIA', '16-12-2021', '16-12-2021', NULL),
(1428, 'LAHETHIWAL (VATS)', '16-12-2021', '16-12-2021', NULL),
(1429, 'LAHORIA (KONDINYA)', '16-12-2021', '16-12-2021', NULL),
(1430, 'LAIYA(LOGAKSHI)', '16-12-2021', '16-12-2021', NULL),
(1431, 'LAJWANIA (SHANDILYA)', '16-12-2021', '16-12-2021', NULL),
(1432, 'LAKHA (VID)', '16-12-2021', '16-12-2021', NULL),
(1433, 'LAKHAMAN (GAVISHTHAR)', '16-12-2021', '16-12-2021', NULL),
(1434, 'LAKHANWAL', '16-12-2021', '16-12-2021', NULL),
(1435, 'LAKHMAN (GAVISHTHAR)', '16-12-2021', '16-12-2021', NULL),
(1436, 'LAKHMANA', '16-12-2021', '16-12-2021', NULL),
(1437, 'LAL (UPMANYU)', '16-12-2021', '16-12-2021', NULL),
(1438, 'LALATA (SHANDILYA)', '16-12-2021', '16-12-2021', NULL),
(1439, 'LALADIA', '16-12-2021', '16-12-2021', NULL),
(1440, 'LAMCHORA (VATS)', '16-12-2021', '16-12-2021', NULL),
(1441, 'LAMDIWAL (GAVISHTHAR)', '16-12-2021', '16-12-2021', NULL),
(1442, 'LAMDOLIA', '16-12-2021', '16-12-2021', NULL),
(1443, 'LAMSUDIA (SHANDILYA)', '16-12-2021', '16-12-2021', NULL),
(1444, 'LANDEWAL', '16-12-2021', '16-12-2021', NULL),
(1445, 'LANDIWAL', '16-12-2021', '16-12-2021', NULL),
(1446, 'LANDRECHA', '16-12-2021', '16-12-2021', NULL),
(1447, 'LANGDIWAL', '16-12-2021', '16-12-2021', NULL),
(1448, 'LANWADIWAL', '16-12-2021', '16-12-2021', NULL),
(1449, 'LARINIA (UPMANYU)', '16-12-2021', '16-12-2021', NULL),
(1450, 'LATA(VATSYA)', '16-12-2021', '16-12-2021', NULL),
(1451, 'LATAL (VATSYA)', '16-12-2021', '16-12-2021', NULL),
(1452, 'LATARA (VATSYA)', '16-12-2021', '16-12-2021', NULL),
(1453, 'LATURA (VATSYA)', '16-12-2021', '16-12-2021', NULL),
(1454, 'LATURIA(LOGAKSHI)', '16-12-2021', '16-12-2021', NULL),
(1455, 'LAVANDIWAL', '16-12-2021', '16-12-2021', NULL),
(1456, 'LAVLECHA', '16-12-2021', '16-12-2021', NULL),
(1457, 'LAVLIA (VID)', '16-12-2021', '16-12-2021', NULL),
(1458, 'LAWANA(UPMANYU)', '16-12-2021', '16-12-2021', NULL),
(1459, 'LAWANIA (VATS)', '16-12-2021', '16-12-2021', NULL),
(1460, 'LEDIWAL', '16-12-2021', '16-12-2021', NULL),
(1461, 'LEERPADA (JATUKARNY)', '16-12-2021', '16-12-2021', NULL),
(1462, 'LEHDEWAL', '16-12-2021', '16-12-2021', NULL),
(1463, 'LEKHARA (VATSYA)', '16-12-2021', '16-12-2021', NULL),
(1464, 'LENDIWAL', '16-12-2021', '16-12-2021', NULL),
(1465, 'LEPADA (LOGAKSHI)', '16-12-2021', '16-12-2021', NULL),
(1466, 'LETAL (VATSYA)', '16-12-2021', '16-12-2021', NULL),
(1467, 'LIKAD (KASHYAP)', '16-12-2021', '16-12-2021', NULL),
(1468, 'LIKKAD (KASHYAP)', '16-12-2021', '16-12-2021', NULL),
(1469, 'LODA', '16-12-2021', '16-12-2021', NULL),
(1470, 'LODASIA', '16-12-2021', '16-12-2021', NULL),
(1471, 'LODHA', '16-12-2021', '16-12-2021', NULL),
(1472, 'LODIWAL', '16-12-2021', '16-12-2021', NULL),
(1473, 'LOHANDIWAL', '16-12-2021', '16-12-2021', NULL),
(1474, 'LOHANI(DIRGHTAMA)', '16-12-2021', '16-12-2021', NULL),
(1475, 'LOHANIA (DIRGHTAMA)', '16-12-2021', '16-12-2021', NULL),
(1476, 'LOHARIA (DIRGHTAMA)', '16-12-2021', '16-12-2021', NULL),
(1477, 'LOHATIWAL', '16-12-2021', '16-12-2021', NULL),
(1478, 'LOIBAR', '16-12-2021', '16-12-2021', NULL),
(1479, 'LOIWAL (KONDINYA)', '16-12-2021', '16-12-2021', NULL),
(1480, 'LOKHAD', '16-12-2021', '16-12-2021', NULL),
(1481, 'LOMDIWAL', '16-12-2021', '16-12-2021', NULL),
(1482, 'LOMIWAL', '16-12-2021', '16-12-2021', NULL),
(1483, 'LONDIWAL', '16-12-2021', '16-12-2021', NULL),
(1484, 'LOWALIA (GAVISHTHAR)', '16-12-2021', '16-12-2021', NULL),
(1485, 'LOWANDIWAL', '16-12-2021', '16-12-2021', NULL),
(1486, 'LUDANIA', '16-12-2021', '16-12-2021', NULL),
(1487, 'LUDIWAL (KASHYAP)', '16-12-2021', '16-12-2021', NULL),
(1488, 'LUHAHIA (GAUTAM)', '16-12-2021', '16-12-2021', NULL),
(1489, 'LUHANA (LOGAKSHI)', '16-12-2021', '16-12-2021', NULL),
(1490, 'LUHANIA (GAUTAM)', '16-12-2021', '16-12-2021', NULL),
(1491, 'LUHARIWAL', '16-12-2021', '16-12-2021', NULL),
(1492, 'LUHARIYA', '16-12-2021', '16-12-2021', NULL),
(1493, 'LUHASIYA', '16-12-2021', '16-12-2021', NULL),
(1494, 'LUJA(MUDGAL)', '16-12-2021', '16-12-2021', NULL),
(1495, 'LUNJA (MUDGAL)', '16-12-2021', '16-12-2021', NULL),
(1496, 'LUROLYA (JATUKARNY)', '16-12-2021', '16-12-2021', NULL),
(1497, 'LUWANIA (BHARDWAJ)', '16-12-2021', '16-12-2021', NULL),
(1498, 'MADAIYA', '16-12-2021', '16-12-2021', NULL),
(1499, 'MADAWARIA', '16-12-2021', '16-12-2021', NULL),
(1500, 'MADDHAN (MUDGAL)', '16-12-2021', '16-12-2021', NULL),
(1501, 'MADHANIA', '16-12-2021', '16-12-2021', NULL),
(1502, 'MADHANIYA (VASHISHTH)', '16-12-2021', '16-12-2021', NULL),
(1503, 'MADINYA (VASHISHTH)', '16-12-2021', '16-12-2021', NULL),
(1504, 'MADN', '16-12-2021', '16-12-2021', NULL),
(1505, 'MADNIYA', '16-12-2021', '16-12-2021', NULL),
(1506, 'MADWOYA', '16-12-2021', '16-12-2021', NULL),
(1507, 'MAGARIA (LOGAKSHI)', '16-12-2021', '16-12-2021', NULL),
(1508, 'MAGDOL', '16-12-2021', '16-12-2021', NULL),
(1509, 'MAGIYA', '16-12-2021', '16-12-2021', NULL),
(1510, 'MAGLERIA', '16-12-2021', '16-12-2021', NULL),
(1511, 'MAHAGPURIA (KASHYAP)', '16-12-2021', '16-12-2021', NULL),
(1512, 'MAHAGWAL (BHARDWAJ)', '16-12-2021', '16-12-2021', NULL),
(1513, 'MAHALUNIA', '16-12-2021', '16-12-2021', NULL),
(1514, 'MAHANPARIA', '16-12-2021', '16-12-2021', NULL),
(1515, 'MAHANSARIA', '16-12-2021', '16-12-2021', NULL),
(1516, 'MAHANWAL (GAVISHTHAR)', '16-12-2021', '16-12-2021', NULL),
(1517, 'MAHARAN', '16-12-2021', '16-12-2021', NULL),
(1518, 'MAHAWAL(GAUTAM)', '16-12-2021', '16-12-2021', NULL),
(1519, 'MAHDIWAL (KASHYAP)', '16-12-2021', '16-12-2021', NULL),
(1520, 'MAHELUNIA', '16-12-2021', '16-12-2021', NULL),
(1521, 'MAHELYA (KASHYAP)', '16-12-2021', '16-12-2021', NULL),
(1522, 'MAHERWAL (KONDINYA)', '16-12-2021', '16-12-2021', NULL),
(1523, 'MAHIWAL (VATS)', '16-12-2021', '16-12-2021', NULL),
(1524, 'MAHLUNIA', '16-12-2021', '16-12-2021', NULL),
(1525, 'MAHOLYA', '16-12-2021', '16-12-2021', NULL),
(1526, 'MAHROLIA(BHARDWAJ)', '16-12-2021', '16-12-2021', NULL),
(1527, 'MAIN (BHARDWAJ)', '16-12-2021', '16-12-2021', NULL),
(1528, 'MAIWAL (BHARDWAJ)', '16-12-2021', '16-12-2021', NULL),
(1529, 'MAKAD', '16-12-2021', '16-12-2021', NULL),
(1530, 'MAKDESA', '16-12-2021', '16-12-2021', NULL),
(1531, 'MAKWANA', '16-12-2021', '16-12-2021', NULL),
(1532, 'MALANI (RIKSHU)', '16-12-2021', '16-12-2021', NULL),
(1533, 'MALAV', '16-12-2021', '16-12-2021', NULL),
(1534, 'MALIK (VATS)', '16-12-2021', '16-12-2021', NULL),
(1535, 'MALIKPURIA (VATS)', '16-12-2021', '16-12-2021', NULL),
(1536, 'MALINDIYA', '16-12-2021', '16-12-2021', NULL),
(1537, 'MALODIYA', '16-12-2021', '16-12-2021', NULL),
(1538, 'MALTHIA(BHARDWAJ)', '16-12-2021', '16-12-2021', NULL),
(1539, 'MALUNIA (KONDINYA)', '16-12-2021', '16-12-2021', NULL),
(1540, 'MALVIYA (BHARDWAJ)', '16-12-2021', '16-12-2021', NULL),
(1541, 'MALWAL (RIKSHU)', '16-12-2021', '16-12-2021', NULL),
(1542, 'MAMDOLIA(VATS)', '16-12-2021', '16-12-2021', NULL),
(1543, 'MAMMAWAL (BHARDWAJ)', '16-12-2021', '16-12-2021', NULL),
(1544, 'MANATEE (AGHAMRSHAN)', '16-12-2021', '16-12-2021', NULL),
(1545, 'MANCHOLIA (MUDGAL)', '16-12-2021', '16-12-2021', NULL),
(1546, 'MANDAL', '16-12-2021', '16-12-2021', NULL),
(1547, 'MANDAN', '16-12-2021', '16-12-2021', NULL),
(1548, 'MANDANIA', '16-12-2021', '16-12-2021', NULL),
(1549, 'MANDANIYA', '16-12-2021', '16-12-2021', NULL),
(1550, 'MANDAVARIYA (GAUTAM)', '16-12-2021', '16-12-2021', NULL),
(1551, 'MANDAVRIYA (GAUTAM)', '16-12-2021', '16-12-2021', NULL),
(1552, 'MANDAWARIA (GAUTAM)', '16-12-2021', '16-12-2021', NULL),
(1553, 'MANDAWARIYA (GAUTAM)', '16-12-2021', '16-12-2021', NULL),
(1554, 'MANDELIA', '16-12-2021', '16-12-2021', NULL),
(1555, 'MANDENIA', '16-12-2021', '16-12-2021', NULL),
(1556, 'MANDHAIYA', '16-12-2021', '16-12-2021', NULL),
(1557, 'MANDHANIA', '16-12-2021', '16-12-2021', NULL),
(1558, 'MANDHANIYA', '16-12-2021', '16-12-2021', NULL),
(1559, 'MANDHIWAL (VASHISHTH)', '16-12-2021', '16-12-2021', NULL),
(1560, 'MANDINIYA', '16-12-2021', '16-12-2021', NULL),
(1561, 'MANDINYA', '16-12-2021', '16-12-2021', NULL),
(1562, 'MANDIWAL (VASHISHTH)', '16-12-2021', '16-12-2021', NULL),
(1563, 'MANDIYA', '16-12-2021', '16-12-2021', NULL),
(1564, 'MANDNIYA (VASHISHTH)', '16-12-2021', '16-12-2021', NULL),
(1565, 'MANDWARIA', '16-12-2021', '16-12-2021', NULL),
(1566, 'MANEDIYA', '16-12-2021', '16-12-2021', NULL),
(1567, 'MANGALRAO (GAVISHTHAR)', '16-12-2021', '16-12-2021', NULL),
(1568, 'MANITHIA (KONDINYA)', '16-12-2021', '16-12-2021', NULL),
(1569, 'MANKAD (GAVISHTHAR)', '16-12-2021', '16-12-2021', NULL),
(1570, 'MANKAN(GAVISHTHAR)', '16-12-2021', '16-12-2021', NULL),
(1571, 'MANODIA', '16-12-2021', '16-12-2021', NULL),
(1572, 'MANORIYA', '16-12-2021', '16-12-2021', NULL),
(1573, 'MARKANDE (MUDGAL)', '16-12-2021', '16-12-2021', NULL),
(1574, 'MAROTHIA (AGHAMRSHAN)', '16-12-2021', '16-12-2021', NULL),
(1575, 'MARWADIA (BHARDWAJ)', '16-12-2021', '16-12-2021', NULL),
(1576, 'MATHANIA', '16-12-2021', '16-12-2021', NULL),
(1577, 'MATHARU', '16-12-2021', '16-12-2021', NULL),
(1578, 'MATHUR(GAVISHTHAR)', '16-12-2021', '16-12-2021', NULL),
(1579, 'MAUKHANIA', '16-12-2021', '16-12-2021', NULL),
(1580, 'MAYAL (VAMDEV)', '16-12-2021', '16-12-2021', NULL),
(1581, 'MEDOWAL (LOGAKSHI)', '16-12-2021', '16-12-2021', NULL),
(1582, 'MEEN', '16-12-2021', '16-12-2021', NULL),
(1583, 'MEESHHAN (JATUKARNY)', '16-12-2021', '16-12-2021', NULL),
(1584, 'MEHALUNIA', '16-12-2021', '16-12-2021', NULL),
(1585, 'MEHLONIA', '16-12-2021', '16-12-2021', NULL),
(1586, 'MEHLUNIYA', '16-12-2021', '16-12-2021', NULL),
(1587, 'MEHNE', '16-12-2021', '16-12-2021', NULL),
(1588, 'MEHTA (DIRGHTAMA)', '16-12-2021', '16-12-2021', NULL),
(1589, 'MEIN (BHARDWAJ)', '16-12-2021', '16-12-2021', NULL),
(1590, 'MEINWAL', '16-12-2021', '16-12-2021', NULL),
(1591, 'MEIWAL', '16-12-2021', '16-12-2021', NULL),
(1592, 'MELONIA (DIRGHTAMA)', '16-12-2021', '16-12-2021', NULL),
(1593, 'MEMORIA', '16-12-2021', '16-12-2021', NULL),
(1594, 'MEN (BHARDWAJ)', '16-12-2021', '16-12-2021', NULL),
(1595, 'MERANIA (GAUTAM)', '16-12-2021', '16-12-2021', NULL),
(1596, 'MESIDARA', '16-12-2021', '16-12-2021', NULL),
(1597, 'METHIL (JATUKARNY)', '16-12-2021', '16-12-2021', NULL),
(1598, 'MEWADA (BHARDWAJ)', '16-12-2021', '16-12-2021', NULL),
(1599, 'MIHARIA (VATS)', '16-12-2021', '16-12-2021', NULL),
(1600, 'MILAKHPURIA (VATS)', '16-12-2021', '16-12-2021', NULL),
(1601, 'MIRACH (GAUTAM)', '16-12-2021', '16-12-2021', NULL),
(1602, 'MIRACHIA(BHARDWAJ)', '16-12-2021', '16-12-2021', NULL),
(1603, 'MIRANIA', '16-12-2021', '16-12-2021', NULL),
(1604, 'MISAN (JATUKARNY)', '16-12-2021', '16-12-2021', NULL),
(1605, 'MISANA (JATUKARNY)', '16-12-2021', '16-12-2021', NULL),
(1606, 'MISHAN (JATUKARNY)', '16-12-2021', '16-12-2021', NULL),
(1607, 'MISHNIYA', '16-12-2021', '16-12-2021', NULL),
(1608, 'MISHRA (BHARDWAJ)', '16-12-2021', '16-12-2021', NULL),
(1609, 'MISSION JATUKARNYA', '16-12-2021', '16-12-2021', NULL),
(1610, 'MITHLA(BHARDWAJ)', '16-12-2021', '16-12-2021', NULL),
(1611, 'MIVAN', '16-12-2021', '16-12-2021', NULL),
(1612, 'MOIWAL (VATSYA)', '16-12-2021', '16-12-2021', NULL),
(1613, 'MOKARIWAL (GAUTAM)', '16-12-2021', '16-12-2021', NULL),
(1614, 'MOKARWAL (GAUTAM)', '16-12-2021', '16-12-2021', NULL),
(1615, 'MOKHADIA', '16-12-2021', '16-12-2021', NULL),
(1616, 'MOKHALA', '16-12-2021', '16-12-2021', NULL),
(1617, 'MOKHARAWAL (GAUTAM)', '16-12-2021', '16-12-2021', NULL),
(1618, 'MOKHARIA', '16-12-2021', '16-12-2021', NULL),
(1619, 'MOKHARIWAL (GAUTAM)', '16-12-2021', '16-12-2021', NULL),
(1620, 'MOKHARWAL', '16-12-2021', '16-12-2021', NULL),
(1621, 'MOKHRIA', '16-12-2021', '16-12-2021', NULL),
(1622, 'MOKWAL', '16-12-2021', '16-12-2021', NULL),
(1623, 'MONORIA (VASHISHTH)', '16-12-2021', '16-12-2021', NULL),
(1624, 'MORIWAL (VID)', '16-12-2021', '16-12-2021', NULL),
(1625, 'MORKHAWAL', '16-12-2021', '16-12-2021', NULL),
(1626, 'MORWAL', '16-12-2021', '16-12-2021', NULL),
(1627, 'MOTARWAL (KONDINYA)', '16-12-2021', '16-12-2021', NULL),
(1628, 'MOTIA (SHANDILYA)', '16-12-2021', '16-12-2021', NULL),
(1629, 'MOTIWAL', '16-12-2021', '16-12-2021', NULL),
(1630, 'MOTIYAR (DIRGHTAMA)', '16-12-2021', '16-12-2021', NULL),
(1631, 'MUCHHAL (BHARDWAJ)', '16-12-2021', '16-12-2021', NULL),
(1632, 'MUDAIL (GAUTAM)', '16-12-2021', '16-12-2021', NULL),
(1633, 'MUDAWARIA', '16-12-2021', '16-12-2021', NULL),
(1634, 'MUDGAL', '16-12-2021', '16-12-2021', NULL),
(1635, 'MUGONIA (JATUKARNY)', '16-12-2021', '16-12-2021', NULL),
(1636, 'MUNDAVARAYA', '16-12-2021', '16-12-2021', NULL),
(1637, 'MUNDAWARIA', '16-12-2021', '16-12-2021', NULL),
(1638, 'MUNDEL', '16-12-2021', '16-12-2021', NULL),
(1639, 'MURARIA (JATUKARNY)', '16-12-2021', '16-12-2021', NULL),
(1640, 'MUSAL', '16-12-2021', '16-12-2021', NULL),
(1641, 'MUSALIA (GAUTAM)', '16-12-2021', '16-12-2021', NULL),
(1642, 'MUSALIM', '16-12-2021', '16-12-2021', NULL),
(1643, 'MUSALWAL (GAUTAM)', '16-12-2021', '16-12-2021', NULL),
(1644, 'MUSANIA (SHANDILYA)', '16-12-2021', '16-12-2021', NULL),
(1645, 'MUSLIA', '16-12-2021', '16-12-2021', NULL),
(1646, 'NABHAR (BHARDWAJ)', '16-12-2021', '16-12-2021', NULL),
(1647, 'NADUANA (VAMDEV)', '16-12-2021', '16-12-2021', NULL),
(1648, 'NAGAR (KONDINYA)', '16-12-2021', '16-12-2021', NULL),
(1649, 'NAGARIA (BHARDWAJ)', '16-12-2021', '16-12-2021', NULL),
(1650, 'NAGHALA (KASHYAP)', '16-12-2021', '16-12-2021', NULL),
(1651, 'NAGLIA (VATS)', '16-12-2021', '16-12-2021', NULL),
(1652, 'NAGNAWA (KONDINYA)', '16-12-2021', '16-12-2021', NULL),
(1653, 'NAGWAL (GAUTAM)', '16-12-2021', '16-12-2021', NULL),
(1654, 'NAMONIA (VAMDEV)', '16-12-2021', '16-12-2021', NULL),
(1655, 'NANDA (JATUKARNY)', '16-12-2021', '16-12-2021', NULL),
(1656, 'NAREDA VISAYTI (KASHYAP)', '16-12-2021', '16-12-2021', NULL),
(1657, 'NARMUDI (BHARDWAJ)', '16-12-2021', '16-12-2021', NULL),
(1658, 'NARNOLIA', '16-12-2021', '16-12-2021', NULL),
(1659, 'NAWADA', '16-12-2021', '16-12-2021', NULL),
(1660, 'NAYARA (VAMDEV)', '16-12-2021', '16-12-2021', NULL),
(1661, 'NADOIA (BHARDWAJ)', '16-12-2021', '16-12-2021', NULL),
(1662, 'NADOLI', '16-12-2021', '16-12-2021', NULL),
(1663, 'NADWAIA', '16-12-2021', '16-12-2021', NULL),
(1664, 'NAGAL', '16-12-2021', '16-12-2021', NULL),
(1665, 'NAGADIA', '16-12-2021', '16-12-2021', NULL),
(1666, 'NAGALIA (VATS)', '16-12-2021', '16-12-2021', NULL),
(1667, 'NAGARO', '16-12-2021', '16-12-2021', NULL),
(1668, 'NAGDIA', '16-12-2021', '16-12-2021', NULL),
(1669, 'NAGDIYA', '16-12-2021', '16-12-2021', NULL),
(1670, 'NAGLAYA(KASHYAP)', '16-12-2021', '16-12-2021', NULL),
(1671, 'NAGWANI', '16-12-2021', '16-12-2021', NULL),
(1672, 'NAHARWAL', '16-12-2021', '16-12-2021', NULL),
(1673, 'NAHAWAL (GAUTAM)', '16-12-2021', '16-12-2021', NULL),
(1674, 'NAKCHORIA(VAMDEV)', '16-12-2021', '16-12-2021', NULL),
(1675, 'NAKUL (VASHISHTH)', '16-12-2021', '16-12-2021', NULL),
(1676, 'NAKUM', '16-12-2021', '16-12-2021', NULL),
(1677, 'NAMORA (KONDINYA)', '16-12-2021', '16-12-2021', NULL),
(1678, 'NAMOTTARE(VASHISHTH)', '16-12-2021', '16-12-2021', NULL),
(1679, 'NANDBAIYA', '16-12-2021', '16-12-2021', NULL),
(1680, 'NANDWANA (GAVISHTHAR)', '16-12-2021', '16-12-2021', NULL),
(1681, 'NANEWAL (VATS)', '16-12-2021', '16-12-2021', NULL),
(1682, 'NANGAJ', '16-12-2021', '16-12-2021', NULL),
(1683, 'NANGAL (BHARDWAJ)', '16-12-2021', '16-12-2021', NULL),
(1684, 'NANGALIYA', '16-12-2021', '16-12-2021', NULL),
(1685, 'NANGL (BHARDWAJ)', '16-12-2021', '16-12-2021', NULL),
(1686, 'NANGLAYA (KASHYAP)', '16-12-2021', '16-12-2021', NULL),
(1687, 'NANGLIA (KASHYAP)', '16-12-2021', '16-12-2021', NULL),
(1688, 'NANOTIA (KASHYAP)', '16-12-2021', '16-12-2021', NULL),
(1689, 'NANWAL (GAVISHTHAR)', '16-12-2021', '16-12-2021', NULL),
(1690, 'NANWAN (VATS)', '16-12-2021', '16-12-2021', NULL),
(1691, 'NANWALYA', '16-12-2021', '16-12-2021', NULL),
(1692, 'NARANIA (JATUKARNY)', '16-12-2021', '16-12-2021', NULL),
(1693, 'NARMURDEWAL', '16-12-2021', '16-12-2021', NULL),
(1694, 'NARODHIA(SHANDILYA)', '16-12-2021', '16-12-2021', NULL),
(1695, 'NASEPIRA (SHANDILYA)', '16-12-2021', '16-12-2021', NULL),
(1696, 'NASIYAR', '16-12-2021', '16-12-2021', NULL),
(1697, 'NASPAL (RIKSHU)', '16-12-2021', '16-12-2021', NULL),
(1698, 'NATHAKWAL (VID)', '16-12-2021', '16-12-2021', NULL),
(1699, 'NEESHAL (AGHAMRSHAN)', '16-12-2021', '16-12-2021', NULL),
(1700, 'NENUWA (KASHYAP)', '16-12-2021', '16-12-2021', NULL),
(1701, 'NEPALPURIA (GAVISHTHAR)', '16-12-2021', '16-12-2021', NULL),
(1702, 'NEPACHIWAL(GAVISHTHAR)', '16-12-2021', '16-12-2021', NULL),
(1703, 'NEPACHWAR', '16-12-2021', '16-12-2021', NULL),
(1704, 'NEPALIA', '16-12-2021', '16-12-2021', NULL),
(1705, 'NEPATWAR', '16-12-2021', '16-12-2021', NULL),
(1706, 'NERADWAL (KASHYAP)', '16-12-2021', '16-12-2021', NULL),
(1707, 'NESAN (UPMANYU)', '16-12-2021', '16-12-2021', NULL),
(1708, 'NEWAL (VATS)', '16-12-2021', '16-12-2021', NULL),
(1709, 'NIGNYA (AGHAMRSHAN)', '16-12-2021', '16-12-2021', NULL),
(1710, 'NIKUMBH', '16-12-2021', '16-12-2021', NULL),
(1711, 'NIMONIA (VAMDEV)', '16-12-2021', '16-12-2021', NULL),
(1712, 'NIPAKE (AGHAMRSHAN)', '16-12-2021', '16-12-2021', NULL),
(1713, 'NIRGUN', '16-12-2021', '16-12-2021', NULL),
(1714, 'NIRHAL', '16-12-2021', '16-12-2021', NULL),
(1715, 'NIRMAL (AGHAMRSHAN)', '16-12-2021', '16-12-2021', NULL),
(1716, 'NISAL (AGHAMRSHAN)', '16-12-2021', '16-12-2021', NULL),
(1717, 'NISAND (UPMANYU)', '16-12-2021', '16-12-2021', NULL),
(1718, 'NISHAL (AGHAMRSHAN)', '16-12-2021', '16-12-2021', NULL),
(1719, 'NISHAN (UPMANYU)', '16-12-2021', '16-12-2021', NULL),
(1720, 'NISLIYA', '16-12-2021', '16-12-2021', NULL),
(1721, 'NIYOGI (UPMANYU)', '16-12-2021', '16-12-2021', NULL),
(1722, 'NOLAKHA(GAVISHTHAR)', '16-12-2021', '16-12-2021', NULL),
(1723, 'NOMODIA', '16-12-2021', '16-12-2021', NULL),
(1724, 'NONDWAL', '16-12-2021', '16-12-2021', NULL),
(1725, 'NOOSARA (VASHISHTH)', '16-12-2021', '16-12-2021', NULL),
(1726, 'NOOSARIWAL', '16-12-2021', '16-12-2021', NULL),
(1727, 'NOPALIYA', '16-12-2021', '16-12-2021', NULL),
(1728, 'NURAWATIA (VATSYA)', '16-12-2021', '16-12-2021', NULL),
(1729, 'NUSARIWAL (UPMANYU)', '16-12-2021', '16-12-2021', NULL),
(1730, 'OBRAWAL', '16-12-2021', '16-12-2021', NULL),
(1731, 'OCHHMBILAL (AGHAMRSHAN)', '16-12-2021', '16-12-2021', NULL),
(1732, 'OCHHTWAL (LOGAKSHI)', '16-12-2021', '16-12-2021', NULL),
(1733, 'ODAMBAR (LOGAKSHI)', '16-12-2021', '16-12-2021', NULL),
(1734, 'ODANA (JATUKARNY)', '16-12-2021', '16-12-2021', NULL),
(1735, 'ODHAN (JATUKARNY)', '16-12-2021', '16-12-2021', NULL),
(1736, 'ODHANA', '16-12-2021', '16-12-2021', NULL),
(1737, 'ODICHCHA', '16-12-2021', '16-12-2021', NULL),
(1738, 'ODIYA (JATUKARNY)', '16-12-2021', '16-12-2021', NULL),
(1739, 'ODWAL (AGHAMRSHAN)', '16-12-2021', '16-12-2021', NULL);
INSERT INTO `gotras` (`id`, `gotra`, `created_at`, `updated_at`, `deleted_at`) VALUES
(1740, 'OJHA (DIRGHTAMA)', '16-12-2021', '16-12-2021', NULL),
(1741, 'OKHARIWAL (AGHAMRSHAN)', '16-12-2021', '16-12-2021', NULL),
(1742, 'OKKARA', '16-12-2021', '16-12-2021', NULL),
(1743, 'OMARIA (DIRGHTAMA)', '16-12-2021', '16-12-2021', NULL),
(1744, 'OMARWAL (GAVISHTHAR)', '16-12-2021', '16-12-2021', NULL),
(1745, 'OMATWAL (GAVISHTHAR)', '16-12-2021', '16-12-2021', NULL),
(1746, 'OMBERI', '16-12-2021', '16-12-2021', NULL),
(1747, 'OMIWAL', '16-12-2021', '16-12-2021', NULL),
(1748, 'ONKAR', '16-12-2021', '16-12-2021', NULL),
(1749, 'OOCHCHHANA', '16-12-2021', '16-12-2021', NULL),
(1750, 'OOJBAL', '16-12-2021', '16-12-2021', NULL),
(1751, 'OOMARAWAT', '16-12-2021', '16-12-2021', NULL),
(1752, 'OORSARA', '16-12-2021', '16-12-2021', NULL),
(1753, 'OOTADA', '16-12-2021', '16-12-2021', NULL),
(1754, 'OSARA', '16-12-2021', '16-12-2021', NULL),
(1755, 'OSATWAL (VATS)', '16-12-2021', '16-12-2021', NULL),
(1756, 'OSHHDI (VATS)', '16-12-2021', '16-12-2021', NULL),
(1757, 'OSTWAL (VATS)', '16-12-2021', '16-12-2021', NULL),
(1758, 'PACHHODIA (UPMANYU)', '16-12-2021', '16-12-2021', NULL),
(1759, 'PADARWAL (UPMANYU)', '16-12-2021', '16-12-2021', NULL),
(1760, 'PAKHROT', '16-12-2021', '16-12-2021', NULL),
(1761, 'PALDA (MUDGAL)', '16-12-2021', '16-12-2021', NULL),
(1762, 'PALDIA', '16-12-2021', '16-12-2021', NULL),
(1763, 'PALIA (AGHAMRSHAN)', '16-12-2021', '16-12-2021', NULL),
(1764, 'PALNIA', '16-12-2021', '16-12-2021', NULL),
(1765, 'PAPATWAL', '16-12-2021', '16-12-2021', NULL),
(1766, 'PARIKH (AGHAMRSHAN)', '16-12-2021', '16-12-2021', NULL),
(1767, 'PARNIA', '16-12-2021', '16-12-2021', NULL),
(1768, 'PASURIWA', '16-12-2021', '16-12-2021', NULL),
(1769, 'PATODIA (UPMANYU)', '16-12-2021', '16-12-2021', NULL),
(1770, 'PATOLIA (JATUKARNY)', '16-12-2021', '16-12-2021', NULL),
(1771, 'PACHLIWAL', '16-12-2021', '16-12-2021', NULL),
(1772, 'PACHOLI', '16-12-2021', '16-12-2021', NULL),
(1773, 'PADAWA', '16-12-2021', '16-12-2021', NULL),
(1774, 'PADIHAR (KASHYAP)', '16-12-2021', '16-12-2021', NULL),
(1775, 'PADMA', '16-12-2021', '16-12-2021', NULL),
(1776, 'PADPARA (AGHAMRSHAN)', '16-12-2021', '16-12-2021', NULL),
(1777, 'PADWA (VAMDEV)', '16-12-2021', '16-12-2021', NULL),
(1778, 'PADWAL (VATS)', '16-12-2021', '16-12-2021', NULL),
(1779, 'PADWALYA (VATS)', '16-12-2021', '16-12-2021', NULL),
(1780, 'PAHATIA (KONDINYA)', '16-12-2021', '16-12-2021', NULL),
(1781, 'PAHEEWAL (KONDINYA)', '16-12-2021', '16-12-2021', NULL),
(1782, 'PAITWAL', '16-12-2021', '16-12-2021', NULL),
(1783, 'PAJROT', '16-12-2021', '16-12-2021', NULL),
(1784, 'PAKARBAD', '16-12-2021', '16-12-2021', NULL),
(1785, 'PAKARVAD', '16-12-2021', '16-12-2021', NULL),
(1786, 'PAKHAKHAD', '16-12-2021', '16-12-2021', NULL),
(1787, 'PAKHARWAD', '16-12-2021', '16-12-2021', NULL),
(1788, 'PALDE (MUDGAL)', '16-12-2021', '16-12-2021', NULL),
(1789, 'PALDIYA (MUDGAL)', '16-12-2021', '16-12-2021', NULL),
(1790, 'PALECHA (UPMANYU)', '16-12-2021', '16-12-2021', NULL),
(1791, 'PALEKHA (MUDGAL)', '16-12-2021', '16-12-2021', NULL),
(1792, 'PALESA', '16-12-2021', '16-12-2021', NULL),
(1793, 'PALESHA', '16-12-2021', '16-12-2021', NULL),
(1794, 'PALIWAL (JATUKARNY)', '16-12-2021', '16-12-2021', NULL),
(1795, 'PALIYA (AGHAMRSHAN)', '16-12-2021', '16-12-2021', NULL),
(1796, 'PALLEWAL (UPMANYU)', '16-12-2021', '16-12-2021', NULL),
(1797, 'PALLIWAL (UPMANYU)', '16-12-2021', '16-12-2021', NULL),
(1798, 'PALWAL (VATSYA)', '16-12-2021', '16-12-2021', NULL),
(1799, 'PAMAR (MUDGAL)', '16-12-2021', '16-12-2021', NULL),
(1800, 'PANCHOLI', '16-12-2021', '16-12-2021', NULL),
(1801, 'PANCHURIA (KONDINYA)', '16-12-2021', '16-12-2021', NULL),
(1802, 'PANDMA', '16-12-2021', '16-12-2021', NULL),
(1803, 'PANIRIA (VATS)', '16-12-2021', '16-12-2021', NULL),
(1804, 'PANIYAL (JATUKARNY)', '16-12-2021', '16-12-2021', NULL),
(1805, 'PANSARIWAL', '16-12-2021', '16-12-2021', NULL),
(1806, 'PANWAR (MUDGAL)', '16-12-2021', '16-12-2021', NULL),
(1807, 'PAPASI (VATS)', '16-12-2021', '16-12-2021', NULL),
(1808, 'PAPDOLIA', '16-12-2021', '16-12-2021', NULL),
(1809, 'PAPLESA', '16-12-2021', '16-12-2021', NULL),
(1810, 'PARADIA', '16-12-2021', '16-12-2021', NULL),
(1811, 'PARASHAR', '16-12-2021', '16-12-2021', NULL),
(1812, 'PARATWAL (KASHYAP)', '16-12-2021', '16-12-2021', NULL),
(1813, 'PARDIWAL', '16-12-2021', '16-12-2021', NULL),
(1814, 'PARILWAL (KASHYAP)', '16-12-2021', '16-12-2021', NULL),
(1815, 'PARIXITGADHIA (KONDINYA)', '16-12-2021', '16-12-2021', NULL),
(1816, 'PARMAR (KASHYAP)', '16-12-2021', '16-12-2021', NULL),
(1817, 'PARNALIYA', '16-12-2021', '16-12-2021', NULL),
(1818, 'PARNAPURIA(SHANDILYA)', '16-12-2021', '16-12-2021', NULL),
(1819, 'PARSIYA (VATSYA)', '16-12-2021', '16-12-2021', NULL),
(1820, 'PARWAL (KASHYAP)', '16-12-2021', '16-12-2021', NULL),
(1821, 'PATHARIA', '16-12-2021', '16-12-2021', NULL),
(1822, 'PATHIK(AGHAMRSHAN)', '16-12-2021', '16-12-2021', NULL),
(1823, 'PATODIYA (UPMANYU)', '16-12-2021', '16-12-2021', NULL),
(1824, 'PATWADHAN (UPMANYU)', '16-12-2021', '16-12-2021', NULL),
(1825, 'PAWAR', '16-12-2021', '16-12-2021', NULL),
(1826, 'PAWOLA', '16-12-2021', '16-12-2021', NULL),
(1827, 'PECHKARAN (AGHAMRSHAN)', '16-12-2021', '16-12-2021', NULL),
(1828, 'PEDAWAL', '16-12-2021', '16-12-2021', NULL),
(1829, 'PEDIWAL (VASHISHTH)', '16-12-2021', '16-12-2021', NULL),
(1830, 'PEDWAL (VASHISHTH)', '16-12-2021', '16-12-2021', NULL),
(1831, 'PEELNIA (BHARDWAJ)', '16-12-2021', '16-12-2021', NULL),
(1832, 'PEENGAL (RIKSHU)', '16-12-2021', '16-12-2021', NULL),
(1833, 'PEEPADA (KONDINYA)', '16-12-2021', '16-12-2021', NULL),
(1834, 'PEEPARIWAL (KONDINYA)', '16-12-2021', '16-12-2021', NULL),
(1835, 'PEEPLODA (BHARDWAJ)', '16-12-2021', '16-12-2021', NULL),
(1836, 'PEEPRODIA (JATUKARNY)', '16-12-2021', '16-12-2021', NULL),
(1837, 'PEEWANIA', '16-12-2021', '16-12-2021', NULL),
(1838, 'PETIWAL (KASHYAP)', '16-12-2021', '16-12-2021', NULL),
(1839, 'PICHASIA (VAMDEV)', '16-12-2021', '16-12-2021', NULL),
(1840, 'PICHHORA', '16-12-2021', '16-12-2021', NULL),
(1841, 'PICHUMARIA', '16-12-2021', '16-12-2021', NULL),
(1842, 'PICHUMARITA(UPMANYU)', '16-12-2021', '16-12-2021', NULL),
(1843, 'PICMURIA', '16-12-2021', '16-12-2021', NULL),
(1844, 'PIDIYARIA', '16-12-2021', '16-12-2021', NULL),
(1845, 'PIDMA', '16-12-2021', '16-12-2021', NULL),
(1846, 'PIDWA(VAMDEV)', '16-12-2021', '16-12-2021', NULL),
(1847, 'PILAWAN (VATSYA)', '16-12-2021', '16-12-2021', NULL),
(1848, 'PILWAR (VATSYA)', '16-12-2021', '16-12-2021', NULL),
(1849, 'PILWAL', '16-12-2021', '16-12-2021', NULL),
(1850, 'PIMANIA (VASHISHTH)', '16-12-2021', '16-12-2021', NULL),
(1851, 'PINGAL (RIKSHU)', '16-12-2021', '16-12-2021', NULL),
(1852, 'PIPLAYAN (VASHISHTH)', '16-12-2021', '16-12-2021', NULL),
(1853, 'PIPLODIYA (BHARDWAJ)', '16-12-2021', '16-12-2021', NULL),
(1854, 'PIWANIYA (JATUKARNY)', '16-12-2021', '16-12-2021', NULL),
(1855, 'POKHARWAD (VASHISHTH)', '16-12-2021', '16-12-2021', NULL),
(1856, 'PRAMASYA (VAMDEV)', '16-12-2021', '16-12-2021', NULL),
(1857, 'PUDANIA (BHARDWAJ)', '16-12-2021', '16-12-2021', NULL),
(1858, 'PUMARIA(GAUTAM)', '16-12-2021', '16-12-2021', NULL),
(1859, 'PUROHIT (BHARDWAJ)', '16-12-2021', '16-12-2021', NULL),
(1860, 'PUSHKARNI (VATSYA)', '16-12-2021', '16-12-2021', NULL),
(1861, 'PUWAL (KASHYAP)', '16-12-2021', '16-12-2021', NULL),
(1862, 'RATHAD', '16-12-2021', '16-12-2021', NULL),
(1863, 'RAJARIYA', '16-12-2021', '16-12-2021', NULL),
(1864, 'RAJGIR (VATS)', '16-12-2021', '16-12-2021', NULL),
(1865, 'RAJORA (KASHYAP)', '16-12-2021', '16-12-2021', NULL),
(1866, 'RAJORIA(KASHYAP)', '16-12-2021', '16-12-2021', NULL),
(1867, 'RAJORIYA (KASHYAP)', '16-12-2021', '16-12-2021', NULL),
(1868, 'RAJOTIA (MUDGAL)', '16-12-2021', '16-12-2021', NULL),
(1869, 'RAJOTIYA (MUDGAL)', '16-12-2021', '16-12-2021', NULL),
(1870, 'RAJPURIA(BHARDWAJ)', '16-12-2021', '16-12-2021', NULL),
(1871, 'RAJPUROHIT (UPMANYU)', '16-12-2021', '16-12-2021', NULL),
(1872, 'RAJUTIA (MUDGAL)', '16-12-2021', '16-12-2021', NULL),
(1873, 'RAJWAN (VATSYA)', '16-12-2021', '16-12-2021', NULL),
(1874, 'RAKODIA(SHANDILYA)', '16-12-2021', '16-12-2021', NULL),
(1875, 'RALAD (BHARDWAJ)', '16-12-2021', '16-12-2021', NULL),
(1876, 'RALADIYA (BHARDWAJ)', '16-12-2021', '16-12-2021', NULL),
(1877, 'RALDIA (BHARDWAJ)', '16-12-2021', '16-12-2021', NULL),
(1878, 'RALDIYA (BHARDWAJ)', '16-12-2021', '16-12-2021', NULL),
(1879, 'RALHAN', '16-12-2021', '16-12-2021', NULL),
(1880, 'RAMCHERA (KASHYAP)', '16-12-2021', '16-12-2021', NULL),
(1881, 'RAMGARHIA PANWAR', '16-12-2021', '16-12-2021', NULL),
(1882, 'RAMPURIA(UPMANYU)', '16-12-2021', '16-12-2021', NULL),
(1883, 'RAMSTHALIA (KONDINYA)', '16-12-2021', '16-12-2021', NULL),
(1884, 'RAMTIDIA (KONDINYA)', '16-12-2021', '16-12-2021', NULL),
(1885, 'RANANA', '16-12-2021', '16-12-2021', NULL),
(1886, 'RANANGA (MUDGAL)', '16-12-2021', '16-12-2021', NULL),
(1887, 'RANGA', '16-12-2021', '16-12-2021', NULL),
(1888, 'RANGWAYA (SHANDILYA)', '16-12-2021', '16-12-2021', NULL),
(1889, 'RANOLIA (KASHYAP)', '16-12-2021', '16-12-2021', NULL),
(1890, 'RANSIWAL (MUDGAL)', '16-12-2021', '16-12-2021', NULL),
(1891, 'RASAMIA', '16-12-2021', '16-12-2021', NULL),
(1892, 'RASAVAN', '16-12-2021', '16-12-2021', NULL),
(1893, 'RATAWA (VATS)', '16-12-2021', '16-12-2021', NULL),
(1894, 'RATAWAJIA(KASHYAP)', '16-12-2021', '16-12-2021', NULL),
(1895, 'RATAWAJIYA (KASHYAP)', '16-12-2021', '16-12-2021', NULL),
(1896, 'RATAWALIA', '16-12-2021', '16-12-2021', NULL),
(1897, 'RATAWATAJ', '16-12-2021', '16-12-2021', NULL),
(1898, 'RATHORE', '16-12-2021', '16-12-2021', NULL),
(1899, 'RATTE', '16-12-2021', '16-12-2021', NULL),
(1900, 'RAWAL (GAUTAM)', '16-12-2021', '16-12-2021', NULL),
(1901, 'RAWAT (GAUTAM)', '16-12-2021', '16-12-2021', NULL),
(1902, 'RECHAKWAL (SHANDILYA)', '16-12-2021', '16-12-2021', NULL),
(1903, 'REECHAD (RIKSHU)', '16-12-2021', '16-12-2021', NULL),
(1904, 'REECHADWAL (RIKSHU)', '16-12-2021', '16-12-2021', NULL),
(1905, 'REECHAWAT (RIKSHU)', '16-12-2021', '16-12-2021', NULL),
(1906, 'REECHWAL (JATUKARNY)', '16-12-2021', '16-12-2021', NULL),
(1907, 'REESELIA (SHANDILYA)', '16-12-2021', '16-12-2021', NULL),
(1908, 'REEWADIA', '16-12-2021', '16-12-2021', NULL),
(1909, 'REEWALIA', '16-12-2021', '16-12-2021', NULL),
(1910, 'RENUKA(VAMDEV)', '16-12-2021', '16-12-2021', NULL),
(1911, 'RET (VATSYA)', '16-12-2021', '16-12-2021', NULL),
(1912, 'RETAWAL (VATS)', '16-12-2021', '16-12-2021', NULL),
(1913, 'RETHALIA (VAMDEV)', '16-12-2021', '16-12-2021', NULL),
(1914, 'RETPURIA ROTHOR', '16-12-2021', '16-12-2021', NULL),
(1915, 'RETYA', '16-12-2021', '16-12-2021', NULL),
(1916, 'REVYAS', '16-12-2021', '16-12-2021', NULL),
(1917, 'REWAL (DIRGHTAMA)', '16-12-2021', '16-12-2021', NULL),
(1918, 'REWALIA(SHANDILYA)', '16-12-2021', '16-12-2021', NULL),
(1919, 'REWARIA (VAMDEV)', '16-12-2021', '16-12-2021', NULL),
(1920, 'RIDIWAL', '16-12-2021', '16-12-2021', NULL),
(1921, 'RISAVA', '16-12-2021', '16-12-2021', NULL),
(1922, 'RISAWA', '16-12-2021', '16-12-2021', NULL),
(1923, 'RISEYA (BHARDWAJ)', '16-12-2021', '16-12-2021', NULL),
(1924, 'RODA', '16-12-2021', '16-12-2021', NULL),
(1925, 'RODAIYA', '16-12-2021', '16-12-2021', NULL),
(1926, 'RODEWAL (AGHAMRSHAN)', '16-12-2021', '16-12-2021', NULL),
(1927, 'RODEYA', '16-12-2021', '16-12-2021', NULL),
(1928, 'RODHAIYA', '16-12-2021', '16-12-2021', NULL),
(1929, 'RODIA', '16-12-2021', '16-12-2021', NULL),
(1930, 'RODIWAL (VATS)', '16-12-2021', '16-12-2021', NULL),
(1931, 'RODKRIYA', '16-12-2021', '16-12-2021', NULL),
(1932, 'RODWAL (AGHAMRSHAN)', '16-12-2021', '16-12-2021', NULL),
(1933, 'ROHATWAL (SHANDILYA)', '16-12-2021', '16-12-2021', NULL),
(1934, 'ROHDIWAL', '16-12-2021', '16-12-2021', NULL),
(1935, 'ROHDYA', '16-12-2021', '16-12-2021', NULL),
(1936, 'ROHLIWAL', '16-12-2021', '16-12-2021', NULL),
(1937, 'ROJARA (KASHYAP)', '16-12-2021', '16-12-2021', NULL),
(1938, 'ROJORIA', '16-12-2021', '16-12-2021', NULL),
(1939, 'ROLIWAL (BHARDWAJ)', '16-12-2021', '16-12-2021', NULL),
(1940, 'ROLIYA', '16-12-2021', '16-12-2021', NULL),
(1941, 'ROLNIA (KONDINYA)', '16-12-2021', '16-12-2021', NULL),
(1942, 'ROLYA', '16-12-2021', '16-12-2021', NULL),
(1943, 'ROMALIWAL (RIKSHU)', '16-12-2021', '16-12-2021', NULL),
(1944, 'RONAKWAL (GAUTAM)', '16-12-2021', '16-12-2021', NULL),
(1945, 'RONSAVA', '16-12-2021', '16-12-2021', NULL),
(1946, 'ROOD', '16-12-2021', '16-12-2021', NULL),
(1947, 'ROODWAL (DIRGHTAMA)', '16-12-2021', '16-12-2021', NULL),
(1948, 'ROOPAL (VATS)', '16-12-2021', '16-12-2021', NULL),
(1949, 'ROP', '16-12-2021', '16-12-2021', NULL),
(1950, 'RORIARODI(VID)', '16-12-2021', '16-12-2021', NULL),
(1951, 'RORUTHIA', '16-12-2021', '16-12-2021', NULL),
(1952, 'ROSAIYA', '16-12-2021', '16-12-2021', NULL),
(1953, 'ROSANWA', '16-12-2021', '16-12-2021', NULL),
(1954, 'ROSAVO', '16-12-2021', '16-12-2021', NULL),
(1955, 'ROSAWA', '16-12-2021', '16-12-2021', NULL),
(1956, 'ROSAYAN (GAVISHTHAR)', '16-12-2021', '16-12-2021', NULL),
(1957, 'ROSHANA', '16-12-2021', '16-12-2021', NULL),
(1958, 'ROSHANIA', '16-12-2021', '16-12-2021', NULL),
(1959, 'ROSHAVA (GAVISHTHAR)', '16-12-2021', '16-12-2021', NULL),
(1960, 'ROSHDIA (BHARDWAJ)', '16-12-2021', '16-12-2021', NULL),
(1961, 'ROSHNIA', '16-12-2021', '16-12-2021', NULL),
(1962, 'ROSHROP', '16-12-2021', '16-12-2021', NULL),
(1963, 'ROTHTIA (VID)', '16-12-2021', '16-12-2021', NULL),
(1964, 'ROTIA (KASHYAP)', '16-12-2021', '16-12-2021', NULL),
(1965, 'ROTOLIA', '16-12-2021', '16-12-2021', NULL),
(1966, 'RUDAIA(DIRGHTAMA)', '16-12-2021', '16-12-2021', NULL),
(1967, 'RUDASWALIA', '16-12-2021', '16-12-2021', NULL),
(1968, 'RUDAWAL (VAMDEV)', '16-12-2021', '16-12-2021', NULL),
(1969, 'RUDAWALIA (VAMDEV)', '16-12-2021', '16-12-2021', NULL),
(1970, 'RUDDHWAL', '16-12-2021', '16-12-2021', NULL),
(1971, 'RUDOWAL', '16-12-2021', '16-12-2021', NULL),
(1972, 'RUDRAKHO', '16-12-2021', '16-12-2021', NULL),
(1973, 'RUKHDIWAL (KASHYAP)', '16-12-2021', '16-12-2021', NULL),
(1974, 'RULATH', '16-12-2021', '16-12-2021', NULL),
(1975, 'RULETH', '16-12-2021', '16-12-2021', NULL),
(1976, 'RULETHIA', '16-12-2021', '16-12-2021', NULL),
(1977, 'RULWAL (VAMDEV)', '16-12-2021', '16-12-2021', NULL),
(1978, 'RULYA(VAMDEV)', '16-12-2021', '16-12-2021', NULL),
(1979, 'RUNDHWAL', '16-12-2021', '16-12-2021', NULL),
(1980, 'RUDRAKSHI (BHARDWAJ)', '16-12-2021', '16-12-2021', NULL),
(1981, 'SAL', '16-12-2021', '16-12-2021', NULL),
(1982, 'SALKAYAN', '16-12-2021', '16-12-2021', NULL),
(1983, 'SALSAMA (UPMANYU)', '16-12-2021', '16-12-2021', NULL),
(1984, 'SAMDIA', '16-12-2021', '16-12-2021', NULL),
(1985, 'SAMLOTHIA (UPMANYU)', '16-12-2021', '16-12-2021', NULL),
(1986, 'SAMNOL', '16-12-2021', '16-12-2021', NULL),
(1987, 'SAND', '16-12-2021', '16-12-2021', NULL),
(1988, 'SARANIA', '16-12-2021', '16-12-2021', NULL),
(1989, 'SARDA', '16-12-2021', '16-12-2021', NULL),
(1990, 'SAROLIA', '16-12-2021', '16-12-2021', NULL),
(1991, 'SAWAD (RIKSHU)', '16-12-2021', '16-12-2021', NULL),
(1992, 'SAWLIA', '16-12-2021', '16-12-2021', NULL),
(1993, 'SAWLODIA (JATUKARNY)', '16-12-2021', '16-12-2021', NULL),
(1994, 'SABARWAL', '16-12-2021', '16-12-2021', NULL),
(1995, 'SABHARWAL', '16-12-2021', '16-12-2021', NULL),
(1996, 'SABHUN', '16-12-2021', '16-12-2021', NULL),
(1997, 'SADEL', '16-12-2021', '16-12-2021', NULL),
(1998, 'SADIA', '16-12-2021', '16-12-2021', NULL),
(1999, 'SADIL', '16-12-2021', '16-12-2021', NULL),
(2000, 'SAEL', '16-12-2021', '16-12-2021', NULL),
(2001, 'SAGADWAL', '16-12-2021', '16-12-2021', NULL),
(2002, 'SAGARKHANI (VATS)', '16-12-2021', '16-12-2021', NULL),
(2003, 'SAGORWAL', '16-12-2021', '16-12-2021', NULL),
(2004, 'SAGRIA (DIRGHTAMA)', '16-12-2021', '16-12-2021', NULL),
(2005, 'SAGUNIA(GAVISHTHAR)', '16-12-2021', '16-12-2021', NULL),
(2006, 'SAGWAL (GAUTAM)', '16-12-2021', '16-12-2021', NULL),
(2007, 'SAHAJWAL', '16-12-2021', '16-12-2021', NULL),
(2008, 'SAHARAN (JATUKARNY)', '16-12-2021', '16-12-2021', NULL),
(2009, 'SAHARANPURIA(JATUKARNY)', '16-12-2021', '16-12-2021', NULL),
(2010, 'SAHAWAL (UPMANYU)', '16-12-2021', '16-12-2021', NULL),
(2011, 'SAHEDWAL', '16-12-2021', '16-12-2021', NULL),
(2012, 'SAHEL', '16-12-2021', '16-12-2021', NULL),
(2013, 'SAHIL', '16-12-2021', '16-12-2021', NULL),
(2014, 'SAHWAL', '16-12-2021', '16-12-2021', NULL),
(2015, 'SAHWALIYA', '16-12-2021', '16-12-2021', NULL),
(2016, 'SAINDHWA', '16-12-2021', '16-12-2021', NULL),
(2017, 'SAINDHWAL', '16-12-2021', '16-12-2021', NULL),
(2018, 'SAIVALIYA', '16-12-2021', '16-12-2021', NULL),
(2019, 'SAJUNIYE (VASHISHTH)', '16-12-2021', '16-12-2021', NULL),
(2020, 'SAKARKHANI (UPMANYU)', '16-12-2021', '16-12-2021', NULL),
(2021, 'SAKHYA(VASHISHTH)', '16-12-2021', '16-12-2021', NULL),
(2022, 'SAKUL (BHARDWAJ)', '16-12-2021', '16-12-2021', NULL),
(2023, 'SAKUWAYA (VID)', '16-12-2021', '16-12-2021', NULL),
(2024, 'SAKWAL', '16-12-2021', '16-12-2021', NULL),
(2025, 'SALARIYA', '16-12-2021', '16-12-2021', NULL),
(2026, 'SALETHIA', '16-12-2021', '16-12-2021', NULL),
(2027, 'SALODIA', '16-12-2021', '16-12-2021', NULL),
(2028, 'SALODIYA', '16-12-2021', '16-12-2021', NULL),
(2029, 'SALONIA (SHANDILYA)', '16-12-2021', '16-12-2021', NULL),
(2030, 'SALONIYA (SHANDILYA)', '16-12-2021', '16-12-2021', NULL),
(2031, 'SALOON', '16-12-2021', '16-12-2021', NULL),
(2032, 'SALUN', '16-12-2021', '16-12-2021', NULL),
(2033, 'SALUNAWA(SHANDILYA)', '16-12-2021', '16-12-2021', NULL),
(2034, 'SALUNIA (SHANDILYA)', '16-12-2021', '16-12-2021', NULL),
(2035, 'SALVANSH', '16-12-2021', '16-12-2021', NULL),
(2036, 'SALWAL', '16-12-2021', '16-12-2021', NULL),
(2037, 'SALWANT', '16-12-2021', '16-12-2021', NULL),
(2038, 'SAMADIA (GAVISHTHAR)', '16-12-2021', '16-12-2021', NULL),
(2039, 'SAMARIWAL (GAUTAM)', '16-12-2021', '16-12-2021', NULL),
(2040, 'SAMARWAL (KASHYAP)', '16-12-2021', '16-12-2021', NULL),
(2041, 'SAMBHARWAL (KASHYAP)', '16-12-2021', '16-12-2021', NULL),
(2042, 'SAMBHKAR (GAVISHTHAR)', '16-12-2021', '16-12-2021', NULL),
(2043, 'SAMDEWAL (GAUTAM)', '16-12-2021', '16-12-2021', NULL),
(2044, 'SAMDHIA', '16-12-2021', '16-12-2021', NULL),
(2045, 'SAMDIWAL (KONDINYA)', '16-12-2021', '16-12-2021', NULL),
(2046, 'SAMDIYA', '16-12-2021', '16-12-2021', NULL),
(2047, 'SAMDOGOTHWAL (GAUTAM)', '16-12-2021', '16-12-2021', NULL),
(2048, 'SAMLIWAL (KONDINYA)', '16-12-2021', '16-12-2021', NULL),
(2049, 'SAMLODIA (UPMANYU)', '16-12-2021', '16-12-2021', NULL),
(2050, 'SAMMI (KONDINYA)', '16-12-2021', '16-12-2021', NULL),
(2051, 'SAMRELA (KONDINYA)', '16-12-2021', '16-12-2021', NULL),
(2052, 'SAMRIA (VID)', '16-12-2021', '16-12-2021', NULL),
(2053, 'SAMRIWAL', '16-12-2021', '16-12-2021', NULL),
(2054, 'SANADHYA', '16-12-2021', '16-12-2021', NULL),
(2055, 'SANBHARWAL', '16-12-2021', '16-12-2021', NULL),
(2056, 'SANCHAL (KASHYAP)', '16-12-2021', '16-12-2021', NULL),
(2057, 'SANCHORA (LOGAKSHI)', '16-12-2021', '16-12-2021', NULL),
(2058, 'SAND CHOHAN', '16-12-2021', '16-12-2021', NULL),
(2059, 'SANDESHRA', '16-12-2021', '16-12-2021', NULL),
(2060, 'SANDIL', '16-12-2021', '16-12-2021', NULL),
(2061, 'SANDILIYA', '16-12-2021', '16-12-2021', NULL),
(2062, 'SANDILYA', '16-12-2021', '16-12-2021', NULL),
(2063, 'SANDWAL', '16-12-2021', '16-12-2021', NULL),
(2064, 'SANGDA', '16-12-2021', '16-12-2021', NULL),
(2065, 'SANGONIA(UPMANYU)', '16-12-2021', '16-12-2021', NULL),
(2066, 'SANGWAN', '16-12-2021', '16-12-2021', NULL),
(2067, 'SANGWAL', '16-12-2021', '16-12-2021', NULL),
(2068, 'SANKAL (KASHYAP)', '16-12-2021', '16-12-2021', NULL),
(2069, 'SANKHALA', '16-12-2021', '16-12-2021', NULL),
(2070, 'SANKHWAYA (VASHISHTH)', '16-12-2021', '16-12-2021', NULL),
(2071, 'SANKHYAYAN (VASHISHTH)', '16-12-2021', '16-12-2021', NULL),
(2072, 'SANKLA', '16-12-2021', '16-12-2021', NULL),
(2073, 'SANORA(LOGAKSHI)', '16-12-2021', '16-12-2021', NULL),
(2074, 'SANRGOTHA (KASHYAP)', '16-12-2021', '16-12-2021', NULL),
(2075, 'SANTHALA', '16-12-2021', '16-12-2021', NULL),
(2076, 'SANTORIYA', '16-12-2021', '16-12-2021', NULL),
(2077, 'SANWADIA', '16-12-2021', '16-12-2021', NULL),
(2078, 'SANWALIA', '16-12-2021', '16-12-2021', NULL),
(2079, 'SANWALODIA (UPMANYU)', '16-12-2021', '16-12-2021', NULL),
(2080, 'SANWARWAL', '16-12-2021', '16-12-2021', NULL),
(2081, 'SANWDIA', '16-12-2021', '16-12-2021', NULL),
(2082, 'SANWLODIA', '16-12-2021', '16-12-2021', NULL),
(2083, 'SAPAL (JATUKARNY)', '16-12-2021', '16-12-2021', NULL),
(2084, 'SAPTRISHI (KASHYAP)', '16-12-2021', '16-12-2021', NULL),
(2085, 'SAPURIA(MUDGAL)', '16-12-2021', '16-12-2021', NULL),
(2086, 'SARAN', '16-12-2021', '16-12-2021', NULL),
(2087, 'SARDALWAL (BHARDWAJ)', '16-12-2021', '16-12-2021', NULL),
(2088, 'SARSOLIA (VATS)', '16-12-2021', '16-12-2021', NULL),
(2089, 'SARVALIA(RIKSHU)', '16-12-2021', '16-12-2021', NULL),
(2090, 'SARWADA (BHARDWAJ)', '16-12-2021', '16-12-2021', NULL),
(2091, 'SARYUPARI (LOGAKSHI)', '16-12-2021', '16-12-2021', NULL),
(2092, 'SATORIYA (GAUTAM)', '16-12-2021', '16-12-2021', NULL),
(2093, 'SATVAPA', '16-12-2021', '16-12-2021', NULL),
(2094, 'SATYAL (VASHISHTH)', '16-12-2021', '16-12-2021', NULL),
(2095, 'SAVANDIYA', '16-12-2021', '16-12-2021', NULL),
(2096, 'SAVLODIYA', '16-12-2021', '16-12-2021', NULL),
(2097, 'SAWADIWAL', '16-12-2021', '16-12-2021', NULL),
(2098, 'SAWADIYA', '16-12-2021', '16-12-2021', NULL),
(2099, 'SAWADWAL', '16-12-2021', '16-12-2021', NULL),
(2100, 'SAWALA', '16-12-2021', '16-12-2021', NULL),
(2101, 'SAWALAKHI(BHARDWAJ)', '16-12-2021', '16-12-2021', NULL),
(2102, 'SAWALODIA', '16-12-2021', '16-12-2021', NULL),
(2103, 'SAWANDIWAL', '16-12-2021', '16-12-2021', NULL),
(2104, 'SAWDIA', '16-12-2021', '16-12-2021', NULL),
(2105, 'SAYAL', '16-12-2021', '16-12-2021', NULL),
(2106, 'SEDWAL (VID)', '16-12-2021', '16-12-2021', NULL),
(2107, 'SEEDAD (RIKSHU)', '16-12-2021', '16-12-2021', NULL),
(2108, 'SEEDHAD (RIKSHU)', '16-12-2021', '16-12-2021', NULL),
(2109, 'SEEGAN(BHARDWAJ)', '16-12-2021', '16-12-2021', NULL),
(2110, 'SEEGH', '16-12-2021', '16-12-2021', NULL),
(2111, 'SEELAD (AGHAMRSHAN)', '16-12-2021', '16-12-2021', NULL),
(2112, 'SEELAK (KASHYAP)', '16-12-2021', '16-12-2021', NULL),
(2113, 'SEELEDHIYA', '16-12-2021', '16-12-2021', NULL),
(2114, 'SEELORA', '16-12-2021', '16-12-2021', NULL),
(2115, 'SEELOT', '16-12-2021', '16-12-2021', NULL),
(2116, 'SEELWAL', '16-12-2021', '16-12-2021', NULL),
(2117, 'SEENGAN(BHARDWAJ)', '16-12-2021', '16-12-2021', NULL),
(2118, 'SEEPA (VATSYA)', '16-12-2021', '16-12-2021', NULL),
(2119, 'SEERUTHI', '16-12-2021', '16-12-2021', NULL),
(2120, 'SEEWAL', '16-12-2021', '16-12-2021', NULL),
(2121, 'SEHADWAL (GAVISHTHAR)', '16-12-2021', '16-12-2021', NULL),
(2122, 'SEHUA', '16-12-2021', '16-12-2021', NULL),
(2123, 'SEHWAL (UPMANYU)', '16-12-2021', '16-12-2021', NULL),
(2124, 'SEIWAL', '16-12-2021', '16-12-2021', NULL),
(2125, 'SEJWAL (GAVISHTHAR)', '16-12-2021', '16-12-2021', NULL),
(2126, 'SEKWAL', '16-12-2021', '16-12-2021', NULL),
(2127, 'SELANA (AGHAMRSHAN)', '16-12-2021', '16-12-2021', NULL),
(2128, 'SELWAL (GAUTAM)', '16-12-2021', '16-12-2021', NULL),
(2129, 'SEMANIA(AGHAMRSHAN)', '16-12-2021', '16-12-2021', NULL),
(2130, 'SEMARIA', '16-12-2021', '16-12-2021', NULL),
(2131, 'SEMARWAR', '16-12-2021', '16-12-2021', NULL),
(2132, 'SEMLUWAL', '16-12-2021', '16-12-2021', NULL),
(2133, 'SEMORIA(GAUTAM)', '16-12-2021', '16-12-2021', NULL),
(2134, 'SEMRIA (GAUTAM)', '16-12-2021', '16-12-2021', NULL),
(2135, 'SENAR (VASHISHTH)', '16-12-2021', '16-12-2021', NULL),
(2136, 'SENWALIYA', '16-12-2021', '16-12-2021', NULL),
(2137, 'SEPURIA(VASHISHTH)', '16-12-2021', '16-12-2021', NULL),
(2138, 'SERWAL', '16-12-2021', '16-12-2021', NULL),
(2139, 'SETARWAL (VASHISHTH)', '16-12-2021', '16-12-2021', NULL),
(2140, 'SEWAL (UPMANYU)', '16-12-2021', '16-12-2021', NULL),
(2141, 'SEWALIA (GAUTAM)', '16-12-2021', '16-12-2021', NULL),
(2142, 'SEWALIYA (GAUTAM)', '16-12-2021', '16-12-2021', NULL),
(2143, 'SHABHARWAL', '16-12-2021', '16-12-2021', NULL),
(2144, 'SHADIL', '16-12-2021', '16-12-2021', NULL),
(2145, 'SHAKDWIPIYA(JATUKARNY)', '16-12-2021', '16-12-2021', NULL),
(2146, 'SHALA (KASHYAP)', '16-12-2021', '16-12-2021', NULL),
(2147, 'SHALDIA', '16-12-2021', '16-12-2021', NULL),
(2148, 'SHANDIL', '16-12-2021', '16-12-2021', NULL),
(2149, 'SHANDILYA', '16-12-2021', '16-12-2021', NULL),
(2150, 'SHANDLIYA', '16-12-2021', '16-12-2021', NULL),
(2151, 'SHANKHTARA (GAUTAM)', '16-12-2021', '16-12-2021', NULL),
(2152, 'SHANKHWAL (GAUTAM)', '16-12-2021', '16-12-2021', NULL),
(2153, 'SHARAN(JATUKARNY)', '16-12-2021', '16-12-2021', NULL),
(2154, 'SHERWAL', '16-12-2021', '16-12-2021', NULL),
(2155, 'SHEWAL', '16-12-2021', '16-12-2021', NULL),
(2156, 'SHIKHWAL (VID)', '16-12-2021', '16-12-2021', NULL),
(2157, 'SHILWAL', '16-12-2021', '16-12-2021', NULL),
(2158, 'SHISHANIA', '16-12-2021', '16-12-2021', NULL),
(2159, 'SHISHILIA (BHARDWAJ)', '16-12-2021', '16-12-2021', NULL),
(2160, 'SHIVIDH (BHARDWAJ)', '16-12-2021', '16-12-2021', NULL),
(2161, 'SHOBHRANA (VASHISHTH)', '16-12-2021', '16-12-2021', NULL),
(2162, 'SHOTHRA (VASHISHTH)', '16-12-2021', '16-12-2021', NULL),
(2163, 'SHUDANIA (BHARDWAJ)', '16-12-2021', '16-12-2021', NULL),
(2164, 'SHULNIA (BHARDWAJ)', '16-12-2021', '16-12-2021', NULL),
(2165, 'SHYAMDIWAL', '16-12-2021', '16-12-2021', NULL),
(2166, 'SIDAD', '16-12-2021', '16-12-2021', NULL),
(2167, 'SIDADH', '16-12-2021', '16-12-2021', NULL),
(2168, 'SIDHAD', '16-12-2021', '16-12-2021', NULL),
(2169, 'SIDHARWAL', '16-12-2021', '16-12-2021', NULL),
(2170, 'SIGHNPAL (GAUTAM)', '16-12-2021', '16-12-2021', NULL),
(2171, 'SIGIPAL (GAUTAM)', '16-12-2021', '16-12-2021', NULL),
(2172, 'SIHAWADA', '16-12-2021', '16-12-2021', NULL),
(2173, 'SIKARNYA(LOGAKSHI)', '16-12-2021', '16-12-2021', NULL),
(2174, 'SIKARODIYA', '16-12-2021', '16-12-2021', NULL),
(2175, 'SIKRODIA (KONDINYA)', '16-12-2021', '16-12-2021', NULL),
(2176, 'SILAG (KASHYAP)', '16-12-2021', '16-12-2021', NULL),
(2177, 'SILAK (KASHYAP)', '16-12-2021', '16-12-2021', NULL),
(2178, 'SILAN (AGHAMRSHAN)', '16-12-2021', '16-12-2021', NULL),
(2179, 'SILANG', '16-12-2021', '16-12-2021', NULL),
(2180, 'SILAUTIYA', '16-12-2021', '16-12-2021', NULL),
(2181, 'SILAWAT(VID)', '16-12-2021', '16-12-2021', NULL),
(2182, 'SILAWATIA', '16-12-2021', '16-12-2021', NULL),
(2183, 'SILIWAL (KONDINYA)', '16-12-2021', '16-12-2021', NULL),
(2184, 'SILIWAN (VID)', '16-12-2021', '16-12-2021', NULL),
(2185, 'SILKHADIYE(DIRGHTAMA)', '16-12-2021', '16-12-2021', NULL),
(2186, 'SILKHAT (DIRGHTAMA)', '16-12-2021', '16-12-2021', NULL),
(2187, 'SILLIWAL', '16-12-2021', '16-12-2021', NULL),
(2188, 'SILORA (SHANDILYA)', '16-12-2021', '16-12-2021', NULL),
(2189, 'SILORIYA (VAMDEV)', '16-12-2021', '16-12-2021', NULL),
(2190, 'SILOT', '16-12-2021', '16-12-2021', NULL),
(2191, 'SILWAL (VID)', '16-12-2021', '16-12-2021', NULL),
(2192, 'SILWAT', '16-12-2021', '16-12-2021', NULL),
(2193, 'SIMBALWAR', '16-12-2021', '16-12-2021', NULL),
(2194, 'SIMKHARA', '16-12-2021', '16-12-2021', NULL),
(2195, 'SIMMALWAL', '16-12-2021', '16-12-2021', NULL),
(2196, 'SINGARKHANI', '16-12-2021', '16-12-2021', NULL),
(2197, 'SINGER KHANI', '16-12-2021', '16-12-2021', NULL),
(2198, 'SINHAL (KONDINYA)', '16-12-2021', '16-12-2021', NULL),
(2199, 'SINWAL', '16-12-2021', '16-12-2021', NULL),
(2200, 'SIRDHANYA (GAUTAM)', '16-12-2021', '16-12-2021', NULL),
(2201, 'SIROTHIA (SHANDILYA)', '16-12-2021', '16-12-2021', NULL),
(2202, 'SIRSILIYA', '16-12-2021', '16-12-2021', NULL),
(2203, 'SISODIA (BHARDWAJ)', '16-12-2021', '16-12-2021', NULL),
(2204, 'SIWAL (GAUTAM)', '16-12-2021', '16-12-2021', NULL),
(2205, 'SIYA', '16-12-2021', '16-12-2021', NULL),
(2206, 'SOD', '16-12-2021', '16-12-2021', NULL),
(2207, 'SODHANIA', '16-12-2021', '16-12-2021', NULL),
(2208, 'SOGARWAL (VATS)', '16-12-2021', '16-12-2021', NULL),
(2209, 'SOHI', '16-12-2021', '16-12-2021', NULL),
(2210, 'SOI (KASHYAP)', '16-12-2021', '16-12-2021', NULL),
(2211, 'SOJANWAL', '16-12-2021', '16-12-2021', NULL),
(2212, 'SOKHA', '16-12-2021', '16-12-2021', NULL),
(2213, 'SOLADI(VATS)', '16-12-2021', '16-12-2021', NULL),
(2214, 'SOLANIA', '16-12-2021', '16-12-2021', NULL),
(2215, 'SOLANKI', '16-12-2021', '16-12-2021', NULL),
(2216, 'SOLANYA', '16-12-2021', '16-12-2021', NULL),
(2217, 'SOLSI', '16-12-2021', '16-12-2021', NULL),
(2218, 'SOLYANA', '16-12-2021', '16-12-2021', NULL),
(2219, 'SOM (BHARDWAJ)', '16-12-2021', '16-12-2021', NULL),
(2220, 'SOMADWAL (SHANDILYA)', '16-12-2021', '16-12-2021', NULL),
(2221, 'SOMANCHA(VATS)', '16-12-2021', '16-12-2021', NULL),
(2222, 'SOMARWAL (SHANDILYA)', '16-12-2021', '16-12-2021', NULL),
(2223, 'SOMPURI (GAVISHTHAR)', '16-12-2021', '16-12-2021', NULL),
(2224, 'SOMPURIA (JATUKARNY)', '16-12-2021', '16-12-2021', NULL),
(2225, 'SONANIA', '16-12-2021', '16-12-2021', NULL),
(2226, 'SOSALIA (VID)', '16-12-2021', '16-12-2021', NULL),
(2227, 'SOSANIA (VID)', '16-12-2021', '16-12-2021', NULL),
(2228, 'SOSNIWAL (GAUTAM)', '16-12-2021', '16-12-2021', NULL),
(2229, 'SOTHRAN (GAVISHTHAR)', '16-12-2021', '16-12-2021', NULL),
(2230, 'SOTHWAL (KASHYAP)', '16-12-2021', '16-12-2021', NULL),
(2231, 'SOWANIA', '16-12-2021', '16-12-2021', NULL),
(2232, 'SRIGAUD (BHARDWAJ)', '16-12-2021', '16-12-2021', NULL),
(2233, 'SRIMALI(UPMANYU)', '16-12-2021', '16-12-2021', NULL),
(2234, 'SUBHARAN', '16-12-2021', '16-12-2021', NULL),
(2235, 'SUCHHA', '16-12-2021', '16-12-2021', NULL),
(2236, 'SUCHOLA (VATS)', '16-12-2021', '16-12-2021', NULL),
(2237, 'SUDA', '16-12-2021', '16-12-2021', NULL),
(2238, 'SUDANIA (UPMANYU)', '16-12-2021', '16-12-2021', NULL),
(2239, 'SUDANWAL (KASHYAP)', '16-12-2021', '16-12-2021', NULL),
(2240, 'SUDHWAL (VID)', '16-12-2021', '16-12-2021', NULL),
(2241, 'SUDRIA(VID)', '16-12-2021', '16-12-2021', NULL),
(2242, 'SUHEL', '16-12-2021', '16-12-2021', NULL),
(2243, 'SUI (KASHYAP)', '16-12-2021', '16-12-2021', NULL),
(2244, 'SUI CHINI (UPMANYU)', '16-12-2021', '16-12-2021', NULL),
(2245, 'SUIWAL (KASHYAP)', '16-12-2021', '16-12-2021', NULL),
(2246, 'SUJA (KASHYAP)', '16-12-2021', '16-12-2021', NULL),
(2247, 'SUKWAYA', '16-12-2021', '16-12-2021', NULL),
(2248, 'SULANIA (VID)', '16-12-2021', '16-12-2021', NULL),
(2249, 'SULNIA(VID)', '16-12-2021', '16-12-2021', NULL),
(2250, 'SULTANPURIA (VASHISHTH)', '16-12-2021', '16-12-2021', NULL),
(2251, 'SUNANIA (KASHYAP)', '16-12-2021', '16-12-2021', NULL),
(2252, 'SUNAVWAL (LOGAKSHI)', '16-12-2021', '16-12-2021', NULL),
(2253, 'SUNDA (VID)', '16-12-2021', '16-12-2021', NULL),
(2254, 'SUNDESHA', '16-12-2021', '16-12-2021', NULL),
(2255, 'SUNDRELA', '16-12-2021', '16-12-2021', NULL),
(2256, 'SUNERIYA', '16-12-2021', '16-12-2021', NULL),
(2257, 'SUPAL (JATUKARNY)', '16-12-2021', '16-12-2021', NULL),
(2258, 'SUSANIA (VID)', '16-12-2021', '16-12-2021', NULL),
(2259, 'SUTANIA (LOGAKSHI)', '16-12-2021', '16-12-2021', NULL),
(2260, 'SUTHAR', '16-12-2021', '16-12-2021', NULL),
(2261, 'SUTRADHAR', '16-12-2021', '16-12-2021', NULL),
(2262, 'SUTRAV (VASHISHTH)', '16-12-2021', '16-12-2021', NULL),
(2263, 'SUVERI (JATUKARNY)', '16-12-2021', '16-12-2021', NULL),
(2264, 'SUWALIYA', '16-12-2021', '16-12-2021', NULL),
(2265, 'SWAL (MUDGAL)', '16-12-2021', '16-12-2021', NULL),
(2266, 'SWAMI (KASHYAP)', '16-12-2021', '16-12-2021', NULL),
(2267, 'SYAL (MUDGAL)', '16-12-2021', '16-12-2021', NULL),
(2268, 'TALCHIDA', '16-12-2021', '16-12-2021', NULL),
(2269, 'TALUKEKAR (VASHISHTH)', '16-12-2021', '16-12-2021', NULL),
(2270, 'TAMDOLIA (JATUKARNY)', '16-12-2021', '16-12-2021', NULL),
(2271, 'TAMLODHIA (JATUKARNY)', '16-12-2021', '16-12-2021', NULL),
(2272, 'TANDE (UPMANYU)', '16-12-2021', '16-12-2021', NULL),
(2273, 'TADOLIYA (KONDINYA)', '16-12-2021', '16-12-2021', NULL),
(2274, 'TAGA (VASHISHTH)', '16-12-2021', '16-12-2021', NULL),
(2275, 'TAGALA (BHARDWAJ)', '16-12-2021', '16-12-2021', NULL),
(2276, 'TAGGALA (BHARDWAJ)', '16-12-2021', '16-12-2021', NULL),
(2277, 'TAKIWAL (KASHYAP)', '16-12-2021', '16-12-2021', NULL),
(2278, 'TAKLEKAR (VATSYA)', '16-12-2021', '16-12-2021', NULL),
(2279, 'TAKSALI (VASHISHTH)', '16-12-2021', '16-12-2021', NULL),
(2280, 'TALABU (VAMDEV)', '16-12-2021', '16-12-2021', NULL),
(2281, 'TALANIA (KASHYAP)', '16-12-2021', '16-12-2021', NULL),
(2282, 'TALCHDIYA (MUDGAL)', '16-12-2021', '16-12-2021', NULL),
(2283, 'TALCHIDIA (MUDGAL)', '16-12-2021', '16-12-2021', NULL),
(2284, 'TALCHIDIYA (MUDGAL)', '16-12-2021', '16-12-2021', NULL),
(2285, 'TALLIA (SHANDILYA)', '16-12-2021', '16-12-2021', NULL),
(2286, 'TALOT (BHARDWAJ)', '16-12-2021', '16-12-2021', NULL),
(2287, 'TALWADIA (SHANDILYA)', '16-12-2021', '16-12-2021', NULL),
(2288, 'TANAKPURIA (KONDINYA)', '16-12-2021', '16-12-2021', NULL),
(2289, 'TANJLIA (DIRGHTAMA)', '16-12-2021', '16-12-2021', NULL),
(2290, 'TANKWAL (UPMANYU)', '16-12-2021', '16-12-2021', NULL),
(2291, 'TAPDOSIA', '16-12-2021', '16-12-2021', NULL),
(2292, 'TAPODHAN (KONDINYA)', '16-12-2021', '16-12-2021', NULL),
(2293, 'TAPSWI (KONDINYA)', '16-12-2021', '16-12-2021', NULL),
(2294, 'TARANI (VAMDEV)', '16-12-2021', '16-12-2021', NULL),
(2295, 'TARNAWAL (VATS)', '16-12-2021', '16-12-2021', NULL),
(2296, 'TARUNAWA', '16-12-2021', '16-12-2021', NULL),
(2297, 'TAUT', '16-12-2021', '16-12-2021', NULL),
(2298, 'TAVANGIRIA', '16-12-2021', '16-12-2021', NULL),
(2299, 'TEEDHATA (GAVISHTHAR)', '16-12-2021', '16-12-2021', NULL),
(2300, 'TEEKAYAT (GAVISHTHAR)', '16-12-2021', '16-12-2021', NULL),
(2301, 'TEELOKADIA', '16-12-2021', '16-12-2021', NULL),
(2302, 'TEENTIWARI (JATUKARNY)', '16-12-2021', '16-12-2021', NULL),
(2303, 'TEERAN', '16-12-2021', '16-12-2021', NULL),
(2304, 'TEERANIA', '16-12-2021', '16-12-2021', NULL),
(2305, 'TEETARWADIA (JATUKARNY)', '16-12-2021', '16-12-2021', NULL),
(2306, 'TEETIWAL (RIKSHU)', '16-12-2021', '16-12-2021', NULL),
(2307, 'TEETIYA (GAUTAM)', '16-12-2021', '16-12-2021', NULL),
(2308, 'TEEWASA (RIKSHU)', '16-12-2021', '16-12-2021', NULL),
(2309, 'TEHRAN', '16-12-2021', '16-12-2021', NULL),
(2310, 'TEHRANIA', '16-12-2021', '16-12-2021', NULL),
(2311, 'TENGURIYA', '16-12-2021', '16-12-2021', NULL),
(2312, 'TERAJ (VAMDEV)', '16-12-2021', '16-12-2021', NULL),
(2313, 'TERAN (VAMDEV)', '16-12-2021', '16-12-2021', NULL),
(2314, 'TERANIYA', '16-12-2021', '16-12-2021', NULL),
(2315, 'THADOWAL', '16-12-2021', '16-12-2021', NULL),
(2316, 'THAGARE', '16-12-2021', '16-12-2021', NULL),
(2317, 'THAHAKWAL (KASHYAP)', '16-12-2021', '16-12-2021', NULL),
(2318, 'THAKARA (UPMANYU)', '16-12-2021', '16-12-2021', NULL),
(2319, 'THAKURIA (UPMANYU)', '16-12-2021', '16-12-2021', NULL),
(2320, 'THAKURWANA (VAMDEV)', '16-12-2021', '16-12-2021', NULL),
(2321, 'THAMERIA (VASHISHTH)', '16-12-2021', '16-12-2021', NULL),
(2322, 'THAMNIA (VAMDEV)', '16-12-2021', '16-12-2021', NULL),
(2323, 'THAMNOTTAR (VASHISHTH)', '16-12-2021', '16-12-2021', NULL),
(2324, 'THAMRIA (VAMDEV)', '16-12-2021', '16-12-2021', NULL),
(2325, 'THANIK (UPMANYU)', '16-12-2021', '16-12-2021', NULL),
(2326, 'THAPAL (UPMANYU)', '16-12-2021', '16-12-2021', NULL),
(2327, 'THAPDE (VAMDEV)', '16-12-2021', '16-12-2021', NULL),
(2328, 'THARETA(VASHISHTH)', '16-12-2021', '16-12-2021', NULL),
(2329, 'THARETWAL (VASHISHTH)', '16-12-2021', '16-12-2021', NULL),
(2330, 'THATHAWADIA', '16-12-2021', '16-12-2021', NULL),
(2331, 'THATHODIA', '16-12-2021', '16-12-2021', NULL),
(2332, 'THATHOLIA', '16-12-2021', '16-12-2021', NULL),
(2333, 'THATHTHAL', '16-12-2021', '16-12-2021', NULL),
(2334, 'THATHWADIA (SHANDILYA)', '16-12-2021', '16-12-2021', NULL),
(2335, 'THATHWAL (GAUTAM)', '16-12-2021', '16-12-2021', NULL),
(2336, 'THATHWALIA (SHANDILYA)', '16-12-2021', '16-12-2021', NULL),
(2337, 'THATHWARIA (SHANDILYA)', '16-12-2021', '16-12-2021', NULL),
(2338, 'THATWADIA (SHANDILYA)', '16-12-2021', '16-12-2021', NULL),
(2339, 'THATWANIA', '16-12-2021', '16-12-2021', NULL),
(2340, 'THAWARIA (VAMDEV)', '16-12-2021', '16-12-2021', NULL),
(2341, 'THITHORIA', '16-12-2021', '16-12-2021', NULL),
(2342, 'THMONIYA', '16-12-2021', '16-12-2021', NULL),
(2343, 'THOKARWAL (VAMDEV)', '16-12-2021', '16-12-2021', NULL),
(2344, 'THOTIA (VASHISHTH)', '16-12-2021', '16-12-2021', NULL),
(2345, 'TIDA', '16-12-2021', '16-12-2021', NULL),
(2346, 'TIDAN (KASHYAP)', '16-12-2021', '16-12-2021', NULL),
(2347, 'TIDANA', '16-12-2021', '16-12-2021', NULL),
(2348, 'TIDHAN', '16-12-2021', '16-12-2021', NULL),
(2349, 'TIGADA (VASHISHTH)', '16-12-2021', '16-12-2021', NULL),
(2350, 'TIGALA', '16-12-2021', '16-12-2021', NULL),
(2351, 'TIGARA', '16-12-2021', '16-12-2021', NULL),
(2352, 'TIHIRAN', '16-12-2021', '16-12-2021', NULL),
(2353, 'TIHRAN', '16-12-2021', '16-12-2021', NULL),
(2354, 'TIKORA (LOGAKSHI)', '16-12-2021', '16-12-2021', NULL),
(2355, 'TIKOREYA (LOGAKSHI)', '16-12-2021', '16-12-2021', NULL),
(2356, 'TIKORIYA (LOGAKSHI)', '16-12-2021', '16-12-2021', NULL),
(2357, 'TILARI (KASHYAP)', '16-12-2021', '16-12-2021', NULL),
(2358, 'TILONIA (LOGAKSHI)', '16-12-2021', '16-12-2021', NULL),
(2359, 'TIMNIA (VASHISHTH)', '16-12-2021', '16-12-2021', NULL),
(2360, 'TINDA (RIKSHU)', '16-12-2021', '16-12-2021', NULL),
(2361, 'TINDWAL', '16-12-2021', '16-12-2021', NULL),
(2362, 'TIPATHI (BHARDWAJ)', '16-12-2021', '16-12-2021', NULL),
(2363, 'TIRAHAN', '16-12-2021', '16-12-2021', NULL),
(2364, 'TIRAN (GAUTAM)', '16-12-2021', '16-12-2021', NULL),
(2365, 'TIRANIA (GAUTAM)', '16-12-2021', '16-12-2021', NULL),
(2366, 'TIRANIYA (GAUTAM)', '16-12-2021', '16-12-2021', NULL),
(2367, 'TITARWADIA (JATUKARNY)', '16-12-2021', '16-12-2021', NULL),
(2368, 'TITARWADIYA (JATUKARNY)', '16-12-2021', '16-12-2021', NULL),
(2369, 'TITARWARIYA (JATUKARNY)', '16-12-2021', '16-12-2021', NULL),
(2370, 'TITWAS', '16-12-2021', '16-12-2021', NULL),
(2371, 'TIWANIA (LOGAKSHI)', '16-12-2021', '16-12-2021', NULL),
(2372, 'TIWANT (GAUTAM)', '16-12-2021', '16-12-2021', NULL),
(2373, 'TIWARI (GAUTAM)', '16-12-2021', '16-12-2021', NULL),
(2374, 'TODARWAL (AGHAMRSHAN)', '16-12-2021', '16-12-2021', NULL),
(2375, 'TODHAN', '16-12-2021', '16-12-2021', NULL),
(2376, 'TOHNAGAR', '16-12-2021', '16-12-2021', NULL),
(2377, 'TOHNAGARIYA', '16-12-2021', '16-12-2021', NULL),
(2378, 'TOLGARA', '16-12-2021', '16-12-2021', NULL),
(2379, 'TONAGARIYA', '16-12-2021', '16-12-2021', NULL),
(2380, 'TONGARIA (DIRGHTAMA)', '16-12-2021', '16-12-2021', NULL),
(2381, 'TONGURIA (DIRGHTAMA)', '16-12-2021', '16-12-2021', NULL),
(2382, 'TONIYA', '16-12-2021', '16-12-2021', NULL),
(2383, 'TOOKCHA (VASHISHTH)', '16-12-2021', '16-12-2021', NULL),
(2384, 'TOOLCHHA', '16-12-2021', '16-12-2021', NULL),
(2385, 'TOOTORIA (LOGAKSHI)', '16-12-2021', '16-12-2021', NULL),
(2386, 'TOR (BHARDWAJ)', '16-12-2021', '16-12-2021', NULL),
(2387, 'TORANGARIA', '16-12-2021', '16-12-2021', NULL),
(2388, 'TORANIA (KASHYAP)', '16-12-2021', '16-12-2021', NULL),
(2389, 'TOSHNIWAL (JATUKARNY)', '16-12-2021', '16-12-2021', NULL),
(2390, 'TOWALA (JATUKARNY)', '16-12-2021', '16-12-2021', NULL),
(2391, 'TRANIA', '16-12-2021', '16-12-2021', NULL),
(2392, 'TRIFALA (VATSYA)', '16-12-2021', '16-12-2021', NULL),
(2393, 'TRIHAN', '16-12-2021', '16-12-2021', NULL),
(2394, 'TRIHARAN', '16-12-2021', '16-12-2021', NULL),
(2395, 'TRIPATE (VASHISHTH)', '16-12-2021', '16-12-2021', NULL),
(2396, 'TRIPATHI(VASHISHTH)', '16-12-2021', '16-12-2021', NULL),
(2397, 'TRIPURIA (GAUTAM)', '16-12-2021', '16-12-2021', NULL),
(2398, 'TYONAGARIYA', '16-12-2021', '16-12-2021', NULL),
(2399, 'TYONIYA', '16-12-2021', '16-12-2021', NULL),
(2400, 'UBANA (UPMANYU)', '16-12-2021', '16-12-2021', NULL),
(2401, 'UBHANA (UPMANYU)', '16-12-2021', '16-12-2021', NULL),
(2402, 'UCHASARA', '16-12-2021', '16-12-2021', NULL),
(2403, 'UCHCHANA (VAMDEV)', '16-12-2021', '16-12-2021', NULL),
(2404, 'UCHCHARIA (GAUTAM)', '16-12-2021', '16-12-2021', NULL),
(2405, 'UCHHANA (VAMDEV)', '16-12-2021', '16-12-2021', NULL),
(2406, 'UDANIA (GAUTAM)', '16-12-2021', '16-12-2021', NULL),
(2407, 'UDHASANE (GAVISHTHAR)', '16-12-2021', '16-12-2021', NULL),
(2408, 'UDICHWAL (KONDINYA)', '16-12-2021', '16-12-2021', NULL),
(2409, 'UJAIRA (GAVISHTHAR)', '16-12-2021', '16-12-2021', NULL),
(2410, 'UJAIWAR (GAVISHTHAR)', '16-12-2021', '16-12-2021', NULL),
(2411, 'UJAWAL (MUDGAL)', '16-12-2021', '16-12-2021', NULL),
(2412, 'UJEERPURIA (UPMANYU)', '16-12-2021', '16-12-2021', NULL),
(2413, 'UJJAINIA (KONDINYA)', '16-12-2021', '16-12-2021', NULL),
(2414, 'UJJAINWAL (KONDINYA)', '16-12-2021', '16-12-2021', NULL),
(2415, 'UJJAWAL (UPMANYU)', '16-12-2021', '16-12-2021', NULL),
(2416, 'UJJWAL (UPMANYU)', '16-12-2021', '16-12-2021', NULL),
(2417, 'UJORWAL (VID)', '16-12-2021', '16-12-2021', NULL),
(2418, 'UJWAL (UPMANYU)', '16-12-2021', '16-12-2021', NULL),
(2419, 'UJWAR', '16-12-2021', '16-12-2021', NULL),
(2420, 'UKHAL (GAUTAM)', '16-12-2021', '16-12-2021', NULL),
(2421, 'ULBANIA', '16-12-2021', '16-12-2021', NULL),
(2422, 'UMARANIA (AGHAMRSHAN)', '16-12-2021', '16-12-2021', NULL),
(2423, 'UMARAVISAYATI (VATS)', '16-12-2021', '16-12-2021', NULL),
(2424, 'UMARAWATYA (VATS)', '16-12-2021', '16-12-2021', NULL),
(2425, 'UMARIA BISAYATI (VATS)', '16-12-2021', '16-12-2021', NULL),
(2426, 'UMARIYA BISAYATI (VATS)', '16-12-2021', '16-12-2021', NULL),
(2427, 'UMARIYAWAL (VATS)', '16-12-2021', '16-12-2021', NULL),
(2428, 'UMRAVAL (VATS)', '16-12-2021', '16-12-2021', NULL),
(2429, 'UNASAL', '16-12-2021', '16-12-2021', NULL),
(2430, 'UNASALA', '16-12-2021', '16-12-2021', NULL),
(2431, 'UNIYAL (GAUTAM)', '16-12-2021', '16-12-2021', NULL),
(2432, 'UNYANA (BHARDWAJ)', '16-12-2021', '16-12-2021', NULL),
(2433, 'UPADHYAY (KONDINYA)', '16-12-2021', '16-12-2021', NULL),
(2434, 'UPMANU', '16-12-2021', '16-12-2021', NULL),
(2435, 'UPMANYU', '16-12-2021', '16-12-2021', NULL),
(2436, 'UPODKHURIA (VID)', '16-12-2021', '16-12-2021', NULL),
(2437, 'URFENIA', '16-12-2021', '16-12-2021', NULL),
(2438, 'URLIYA', '16-12-2021', '16-12-2021', NULL),
(2439, 'USTARWAL (VASHISHTH)', '16-12-2021', '16-12-2021', NULL),
(2440, 'UTHANIA', '16-12-2021', '16-12-2021', NULL),
(2441, 'UTHELIA (VID)', '16-12-2021', '16-12-2021', NULL),
(2442, 'UTRIYAL (KONDINYA)', '16-12-2021', '16-12-2021', NULL),
(2443, 'UTTA (KONDINYA)', '16-12-2021', '16-12-2021', NULL),
(2444, 'UTTAM (AGHAMRSHAN)', '16-12-2021', '16-12-2021', NULL),
(2445, 'UVANA', '16-12-2021', '16-12-2021', NULL),
(2446, 'UWASANA', '16-12-2021', '16-12-2021', NULL),
(2447, 'VACHCHAS', '16-12-2021', '16-12-2021', NULL),
(2448, 'VADARLIA (VATSYA)', '16-12-2021', '16-12-2021', NULL),
(2449, 'VADHANIA (SHANDILYA)', '16-12-2021', '16-12-2021', NULL),
(2450, 'VADIWALYA', '16-12-2021', '16-12-2021', NULL),
(2451, 'VADURLA(VATSYA)', '16-12-2021', '16-12-2021', NULL),
(2452, 'VADWADIA', '16-12-2021', '16-12-2021', NULL),
(2453, 'VAGADWAL (GAUTAM)', '16-12-2021', '16-12-2021', NULL),
(2454, 'VAGALIA (KONDINYA)', '16-12-2021', '16-12-2021', NULL),
(2455, 'VAGERWAL (MUDGAL)', '16-12-2021', '16-12-2021', NULL),
(2456, 'VAJRIWAL', '16-12-2021', '16-12-2021', NULL),
(2457, 'VALS', '16-12-2021', '16-12-2021', NULL),
(2458, 'VAMBER', '16-12-2021', '16-12-2021', NULL),
(2459, 'VAMDEV', '16-12-2021', '16-12-2021', NULL),
(2460, 'VANDELA', '16-12-2021', '16-12-2021', NULL),
(2461, 'VANIY (BHARDWAJ)', '16-12-2021', '16-12-2021', NULL),
(2462, 'VANSH', '16-12-2021', '16-12-2021', NULL),
(2463, 'VARANIA(KASHYAP)', '16-12-2021', '16-12-2021', NULL),
(2464, 'VARJANIA (KASHYAP)', '16-12-2021', '16-12-2021', NULL),
(2465, 'VARU', '16-12-2021', '16-12-2021', NULL),
(2466, 'VASETA', '16-12-2021', '16-12-2021', NULL),
(2467, 'VASHISHT', '16-12-2021', '16-12-2021', NULL),
(2468, 'VASHISTHA', '16-12-2021', '16-12-2021', NULL),
(2469, 'VATSA', '16-12-2021', '16-12-2021', NULL),
(2470, 'VATSAL', '16-12-2021', '16-12-2021', NULL),
(2471, 'VATSYA', '16-12-2021', '16-12-2021', NULL),
(2472, 'VAUJA', '16-12-2021', '16-12-2021', NULL),
(2473, 'VAVERWAL', '16-12-2021', '16-12-2021', NULL),
(2474, 'VAVRIA', '16-12-2021', '16-12-2021', NULL),
(2475, 'VEDIC(VID)', '16-12-2021', '16-12-2021', NULL),
(2476, 'VEELWAR (GAVISHTHAR)', '16-12-2021', '16-12-2021', NULL),
(2477, 'VEESARPUROHIT (VATSYA)', '16-12-2021', '16-12-2021', NULL),
(2478, 'VEEVRA (VATSYA)', '16-12-2021', '16-12-2021', NULL),
(2479, 'VEHENELIA', '16-12-2021', '16-12-2021', NULL),
(2480, 'VENDAL', '16-12-2021', '16-12-2021', NULL),
(2481, 'VERIWAL (BHARDWAJ)', '16-12-2021', '16-12-2021', NULL),
(2482, 'VERWAL (BHARDWAJ)', '16-12-2021', '16-12-2021', NULL),
(2483, 'VID', '16-12-2021', '16-12-2021', NULL),
(2484, 'VIDDHWANIA', '16-12-2021', '16-12-2021', NULL),
(2485, 'VIDHATA (KASHYAP)', '16-12-2021', '16-12-2021', NULL),
(2486, 'VIJORIA (VATSYA)', '16-12-2021', '16-12-2021', NULL),
(2487, 'VINAYAK(KASHYAP)', '16-12-2021', '16-12-2021', NULL),
(2488, 'VIPRA (GAUTAM)', '16-12-2021', '16-12-2021', NULL),
(2489, 'VISHARAD (GAVISHTHAR)', '16-12-2021', '16-12-2021', NULL),
(2490, 'VIWAL (KASHYAP)', '16-12-2021', '16-12-2021', NULL),
(2491, 'VOOTAR(BHARDWAJ)', '16-12-2021', '16-12-2021', NULL),
(2492, 'VORA (MUDGAL)', '16-12-2021', '16-12-2021', NULL),
(2493, 'VORIA (MUDGAL)', '16-12-2021', '16-12-2021', NULL),
(2494, 'VYAN (KASHYAP)', '16-12-2021', '16-12-2021', NULL),
(2495, 'WAVDARA', '16-12-2021', '16-12-2021', NULL),
(2496, 'YAGHYIK(VASHISHTH)', '16-12-2021', '16-12-2021', NULL),
(2497, 'YAJURVEDI (BHARDWAJ)', '16-12-2021', '16-12-2021', NULL),
(2498, 'YAMADAGNI (VATS)', '16-12-2021', '16-12-2021', NULL),
(2499, 'YASHRAJ (BHARDWAJ)', '16-12-2021', '16-12-2021', NULL),
(2500, 'YATHARIYA', '16-12-2021', '16-12-2021', NULL),
(2504, 'KAKATIYA', '07-01-2022', '07-01-2022', NULL),
(2505, 'BADHANIYA', '07-01-2022', '07-01-2022', NULL),
(2506, 'MEESHAN', '07-01-2022', '07-01-2022', NULL);

-- --------------------------------------------------------

--
-- Table structure for table `matrimonial_msgs`
--

CREATE TABLE `matrimonial_msgs` (
  `id` int(11) UNSIGNED NOT NULL,
  `user_id` int(11) UNSIGNED NOT NULL,
  `contact_user_id` int(11) UNSIGNED NOT NULL,
  `msg` text NOT NULL,
  `created_at` date NOT NULL,
  `time` timestamp NOT NULL DEFAULT current_timestamp() ON UPDATE current_timestamp(),
  `check_msg` int(5) NOT NULL
) ENGINE=InnoDB DEFAULT CHARSET=utf8mb4;

--
-- Dumping data for table `matrimonial_msgs`
--

INSERT INTO `matrimonial_msgs` (`id`, `user_id`, `contact_user_id`, `msg`, `created_at`, `time`, `check_msg`) VALUES
(1, 6, 35, 'hey bsdsjdbfjhdsbjhdcon=oansdjfhalsdhfkasdhkfhaskudfd\n', '2022-01-06', '2022-01-31 04:57:58', 0),
(2, 1, 35, 'xjbbdfbsudfudguugdgdsghjdshj', '2022-01-29', '2022-01-29 05:11:11', 0),
(3, 5, 35, 'sdbfjhbasdfbsdjhdsb\nphone no.: 9782447604', '2022-01-29', '2022-01-29 08:48:12', 0);

-- --------------------------------------------------------

--
-- Table structure for table `members_profile`
--

CREATE TABLE `members_profile` (
  `id` int(11) UNSIGNED NOT NULL,
  `user_id` int(11) UNSIGNED NOT NULL,
  `title_name` varchar(10) NOT NULL,
  `first_name` varchar(20) NOT NULL,
  `middle_name` varchar(10) NOT NULL,
  `last_name` varchar(20) NOT NULL,
  `phone` bigint(11) UNSIGNED DEFAULT NULL,
  `email` varchar(50) NOT NULL,
  `father_name` varchar(40) NOT NULL,
  `mother_name` varchar(40) NOT NULL,
  `husband_name` varchar(25) NOT NULL,
  `marital_status` varchar(15) NOT NULL,
  `self_gotra_id` int(5) UNSIGNED DEFAULT NULL,
  `nani_gotra_id` int(5) UNSIGNED DEFAULT NULL,
  `mother_gotra_id` int(5) UNSIGNED DEFAULT NULL,
  `dadi_gotra_id` int(5) UNSIGNED DEFAULT NULL,
  `availableformarriage` tinyint(1) UNSIGNED NOT NULL,
  `is_manglik` tinyint(1) UNSIGNED NOT NULL,
  `gender` varchar(9) NOT NULL,
  `height` tinyint(1) UNSIGNED DEFAULT NULL,
  `skin` varchar(10) NOT NULL,
  `pob` varchar(40) NOT NULL,
  `dob` date DEFAULT NULL,
  `blood_group` varchar(10) NOT NULL,
  `education` varchar(25) NOT NULL,
  `qualification_id` int(5) UNSIGNED DEFAULT NULL,
  `occupation_id` int(5) UNSIGNED DEFAULT NULL,
  `occupation_detail` text NOT NULL,
  `father_occupation` varchar(60) NOT NULL,
  `family_income` bigint(10) UNSIGNED DEFAULT NULL,
  `self_income` bigint(10) UNSIGNED DEFAULT NULL,
  `profile_photo` varchar(50) NOT NULL,
  `address` varchar(80) NOT NULL,
  `tahsil` varchar(50) NOT NULL,
  `district_id` int(11) UNSIGNED DEFAULT NULL,
  `state_id` tinyint(2) UNSIGNED DEFAULT NULL,
  `created_at` date DEFAULT NULL,
  `deleted_at` date DEFAULT NULL,
  `updated_at` date DEFAULT NULL,
  `sabha_members` int(5) NOT NULL
) ENGINE=InnoDB DEFAULT CHARSET=utf8mb4;

--
-- Dumping data for table `members_profile`
--

INSERT INTO `members_profile` (`id`, `user_id`, `title_name`, `first_name`, `middle_name`, `last_name`, `phone`, `email`, `father_name`, `mother_name`, `husband_name`, `marital_status`, `self_gotra_id`, `nani_gotra_id`, `mother_gotra_id`, `dadi_gotra_id`, `availableformarriage`, `is_manglik`, `gender`, `height`, `skin`, `pob`, `dob`, `blood_group`, `education`, `qualification_id`, `occupation_id`, `occupation_detail`, `father_occupation`, `family_income`, `self_income`, `profile_photo`, `address`, `tahsil`, `district_id`, `state_id`, `created_at`, `deleted_at`, `updated_at`, `sabha_members`) VALUES
(1, 1, '', 'Radheshyam', '', 'Jangid', 9549092111, '', 'Mangilal', '', '', 'Married', 1547, 18, 925, 114, 0, 0, 'Male', NULL, '', '', '1961-02-13', '', 'GRADUATE', 1, 95, '', '', NULL, NULL, '', '29', 'Lachhmangarh', NULL, NULL, '2022-01-07', NULL, '2022-01-07', 1),
(2, 2, '', 'Sulochana', '', 'Jangid', NULL, '', '', '', 'Radheshyam', 'Married', 184, NULL, 1939, 0, 0, 0, 'Female', NULL, '', '', '1963-07-01', '', 'PRIMARY', 2, 96, '', '', NULL, NULL, '', '29', 'Lachhmangarh', NULL, NULL, '2022-01-07', NULL, '2022-01-07', 1),
(3, 3, '', 'Naveen', '', 'Jangid', NULL, '', 'Radheshyam', '', '', 'Married', 1547, 1939, 184, 925, 0, 0, 'Male', NULL, '', '', '1980-10-27', '', 'PG', 3, 97, '', '', NULL, NULL, '', '29', 'Lachhmangarh', NULL, NULL, '2022-01-07', NULL, '2022-01-07', 0),
(4, 4, '', 'Ajay', '', 'Jangid', NULL, '', 'Radheshyam', '', '', 'Married', 1547, 1939, 184, 925, 0, 0, 'Male', NULL, '', '', '1981-12-15', '', 'GRADUATE', 4, 97, '', '', NULL, NULL, '', '29', 'Lachhmangarh', NULL, NULL, '2022-01-07', NULL, '2022-01-07', 1),
(5, 5, '', 'Anuradha', '', 'Jangid', NULL, '', '', '', 'Kanhaya lal', 'Married', 1547, 1939, 1419, 925, 0, 0, 'Female', NULL, '', '', '1983-10-10', '', 'PG', 5, 96, '', '', NULL, NULL, '', '', '', NULL, NULL, '2022-01-07', NULL, '2022-01-07', 0),
(6, 6, '', 'Dimple', '', 'Jangid', NULL, '', '', '', 'Ravindra', 'Married', 1547, 1939, 2348, 925, 0, 0, 'Female', NULL, '', '', '1985-10-22', '', 'PG', 6, 96, '', '', NULL, NULL, '', '', '', NULL, NULL, '2022-01-07', NULL, '2022-01-07', 0),
(7, 7, '', 'Divya', '', 'Jangid', NULL, '', '', '', 'Naveen', 'Married', 18, NULL, 8, 1806, 0, 0, 'Female', NULL, '', '', '1982-01-01', '', 'GRADUATE', 7, 96, '', '', NULL, NULL, '', '29', 'Lachhmangarh', NULL, NULL, '2022-01-07', NULL, '2022-01-07', 0),
(8, 8, '', 'Sarita', '', 'Jangid', NULL, '', '', '', 'Ajay', 'Married', 1218, NULL, 1806, 0, 0, 0, 'Female', NULL, '', '', '1983-01-01', '', 'MATRIC', 8, 96, '', '', NULL, NULL, '', '29', 'Lachhmangarh', NULL, NULL, '2022-01-07', NULL, '2022-01-07', 0),
(9, 9, '', 'Dolfy', '', 'Jangid', NULL, '', 'Ajay', '', '', 'Bachlor', 1547, 1806, 1218, 184, 0, 0, 'Female', NULL, '', '', '2008-06-26', '', 'LITERATE', 9, 1, '', '', NULL, NULL, '', '29', 'Lachhmangarh', NULL, NULL, '2022-01-07', NULL, '2022-01-07', 0),
(10, 10, '', 'Aaryan', '', 'Jangid', NULL, '', 'Ajay', '', '', 'Bachlor', 1547, 1806, 1218, 184, 0, 0, 'Male', NULL, '', '', '2012-11-17', '', 'ILLITERATE', 10, 98, '', '', NULL, NULL, '', '29', 'Lachhmangarh', NULL, NULL, '2022-01-07', NULL, '2022-01-07', 0),
(11, 11, '', 'Hardik', '', 'Jangid', NULL, '', 'Naveen', '', '', 'Bachlor', 1547, 8, 18, 184, 0, 0, 'Male', NULL, '', '', '2012-11-15', '', 'ILLITERATE', 10, 98, '', '', NULL, NULL, '', '29', 'Lachhmangarh', NULL, NULL, '2022-01-07', NULL, '2022-01-07', 0),
(12, 12, 'Late', 'Laxminarayan', '', 'Jangid', 9166496335, '', 'Mangilal', '', '', 'Married', 1547, 18, 925, 114, 0, 0, 'Male', NULL, '', '', '1968-01-01', '', 'PRIMARY', 2, 99, '', '', NULL, NULL, '', '28', 'Lachhmangarh', NULL, NULL, '2022-01-07', NULL, '2022-01-07', 0),
(13, 13, '', 'Pushpa', '', 'Jangid', NULL, '', '', '', 'Laxminarayan', 'Married', 2504, NULL, 1569, 0, 0, 0, 'Female', NULL, '', '', '1970-01-01', '', 'ILLITERATE', 10, 96, '', '', NULL, NULL, '', '28', 'Lachhmangarh', NULL, NULL, '2022-01-07', NULL, '2022-01-07', 0),
(14, 14, '', 'Maya', '', 'Jangid', NULL, '', '', '', 'Akhil', 'Married', 1547, 1569, 2505, 925, 0, 0, 'Female', NULL, '', '', '1989-01-01', '', 'PG', 3, 96, '', '', NULL, NULL, '', '', '', NULL, NULL, '2022-01-07', NULL, '2022-01-07', 0),
(15, 15, '', 'Chandraprakash', '', 'Jangid', NULL, '', 'Laxminarayan', '', '', 'Bachlor', 1547, 1569, 2504, 925, 0, 0, 'Male', NULL, '', '', '1993-10-10', '', 'GRADUATE', 4, 97, '', '', NULL, NULL, '', '28', 'Lachhmangarh', NULL, NULL, '2022-01-07', NULL, '2022-01-07', 0),
(16, 16, '', 'Sonu', '', 'Jangid', NULL, '', 'Laxminarayan', '', '', 'Bachlor', 1547, 1569, 2504, 925, 0, 1, 'Female', NULL, '', '', '1996-05-15', '', 'GRADUATE', 1, 1, '', '', NULL, NULL, '', '28', 'Lachhmangarh', NULL, NULL, '2022-01-07', NULL, '2022-01-07', 0),
(17, 17, 'Late', 'Hariprasad', '', 'Jangid', 9828456765, '', 'Mangilal', '', '', 'Married', 1547, 18, 925, 114, 0, 0, 'Male', NULL, '', '', '1970-01-01', '', 'MATRIC', 8, 99, '', '', NULL, NULL, '', '29', 'Lachhmangarh', NULL, NULL, '2022-01-07', NULL, '2022-01-07', 0),
(18, 18, '', 'Meena', '', 'Jangid', NULL, '', '', '', 'Hariprasad', 'Married', 2183, NULL, 1869, 0, 0, 0, 'Female', NULL, '', '', '1972-01-01', '', 'PRIMARY', 11, 96, '', '', NULL, NULL, '', '29', 'Lachhmangarh', NULL, NULL, '2022-01-07', NULL, '2022-01-07', 0),
(19, 19, '', 'Ankita', '', 'Jangid', NULL, '', 'Hariprasad', '', '', 'Bachlor', 1547, 1868, 2183, 925, 0, 0, 'Female', NULL, '', '', '1997-01-01', '', 'GRADUATE', 12, 1, '', '', NULL, NULL, '', '29', 'Lachhmangarh', NULL, NULL, '2022-01-07', NULL, '2022-01-07', 0),
(20, 20, '', 'Bitoo', '', 'Jangid', NULL, '', 'Hariprasad', '', '', 'Bachlor', 1547, 1868, 2183, 925, 0, 1, 'Female', NULL, '', '', '1999-01-01', '', 'MATRIC', 13, 1, '', '', NULL, NULL, '', '29', 'Lachhmangarh', NULL, NULL, '2022-01-07', NULL, '2022-01-07', 0),
(21, 21, 'Late', 'Basanti', '', 'Jangid', NULL, '', '', '', 'Mangilal', 'Widow', 925, NULL, 18, 0, 0, 0, 'Female', NULL, '', '', '1930-01-01', '', 'ILLITERATE', 10, 96, '', '', NULL, NULL, '', '29', 'Lachhmangarh', NULL, NULL, '2022-01-07', NULL, '2022-01-07', 0),
(22, 22, 'Late', 'Pankaj', '', 'Jangid', 9350235327, '', 'Mangilal', '', '', 'Married', 1547, 18, 925, 114, 0, 0, 'Male', NULL, '', '', '1974-01-01', '', 'UNDER MATRIC', 14, 100, '', '', NULL, NULL, '', '28', 'Lachhmangarh', NULL, NULL, '2022-01-07', NULL, '2022-01-07', 0),
(23, 23, '', 'Anita', '', 'Jangid', NULL, '', '', '', 'Pankaj', 'Married', 1218, NULL, 1939, 0, 0, 0, 'Female', NULL, '', '', '1976-01-01', '', 'PRIMARY', 11, 96, '', '', NULL, NULL, '', '28', 'Lachhmangarh', NULL, NULL, '2022-01-07', NULL, '2022-01-07', 0),
(24, 24, '', 'Chini', '', 'Jangid', NULL, '', 'Pankaj', '', '', 'Bachlor', 1547, 1939, 1218, 925, 0, 0, 'Female', NULL, '', '', '1999-01-01', '', 'MATRIC', 8, 1, '', '', NULL, NULL, '', '28', 'Lachhmangarh', NULL, NULL, '2022-01-07', NULL, '2022-01-07', 0),
(25, 25, '', 'Piyush', '', 'Jangid', NULL, '', 'Pankaj', '', '', 'Bachlor', 1547, 1939, 1218, 925, 0, 1, 'Male', NULL, '', '', '2001-01-01', '', 'PRIMARY', 11, 1, '', '', NULL, NULL, '', '28', 'Lachhmangarh', NULL, NULL, '2022-01-07', NULL, '2022-01-07', 0),
(26, 26, 'Late', 'Ramotar', '', 'Jangid', NULL, '', 'Devidutt', '', '', 'Married', 1547, 1052, 633, 114, 0, 0, 'Male', NULL, '', '', '1968-08-13', '', 'GRADUATE', 4, 97, '', '', NULL, NULL, '', '28', 'Lachhmangarh', NULL, NULL, '2022-01-07', NULL, '2022-01-07', 0),
(27, 27, '', 'Santra', '', 'Jangid', NULL, '', '', '', 'Ramotar', 'Married', 1109, NULL, 0, 0, 0, 0, 'Female', NULL, '', '', '1972-06-25', '', 'MATRIC', 15, 96, '', '', NULL, NULL, '', '28', 'Lachhmangarh', NULL, NULL, '2022-01-07', NULL, '2022-01-07', 0),
(28, 28, '', 'Richita', '', 'Jangid', NULL, '', '', '', 'Ashok', 'Married', 1547, NULL, 1419, 633, 0, 0, 'Female', NULL, '', '', '1991-01-13', '', 'GRADUATE', 4, 96, '', '', NULL, NULL, '', '', '', NULL, NULL, '2022-01-07', NULL, '2022-01-07', 0),
(29, 29, '', 'Ankur', '', 'Jangid', NULL, '', 'Ramotar', '', '', 'Bachlor', 1547, 1869, 1109, 633, 1, 0, 'Male', NULL, '', '', '1993-08-11', '', 'PROFESSIONAL', 16, 1, '', '', NULL, NULL, '', '28', 'Lachhmangarh', NULL, NULL, '2022-01-07', NULL, '2022-01-07', 0),
(30, 30, '', 'Karina', '', 'Jangid', NULL, '', 'Ramotar', '', '', 'Bachlor', 1547, 1869, 1109, 633, 1, 0, 'Female', NULL, '', '', '1997-03-15', '', 'UNDER GRADUATE', 17, 1, '', '', NULL, NULL, '', '28', 'Lachhmangarh', NULL, NULL, '2022-01-07', NULL, '2022-01-07', 0),
(31, 31, 'Late', 'Kailash', '', 'Jangid', NULL, '', 'Devidutt', '', '', 'Married', 1547, 1052, 633, 114, 0, 0, 'Male', NULL, '', '', '1978-06-30', '', 'MATRIC', 8, 99, '', '', NULL, NULL, '', '28', 'Lachhmangarh', NULL, NULL, '2022-01-07', NULL, '2022-01-07', 0),
(32, 32, '', 'Usha', '', 'Jangid', NULL, '', '', '', 'Kailash', 'Married', 2506, NULL, 0, 0, 0, 0, 'Female', NULL, '', '', '1983-11-30', '', 'MATRIC', 8, 96, '', '', NULL, NULL, '', '28', 'Lachhmangarh', NULL, NULL, '2022-01-07', NULL, '2022-01-07', 0),
(33, 33, '', 'Khushi', '', 'Jangid', NULL, '', 'Kailash', '', '', 'Bachlor', 1547, NULL, 2506, 633, 1, 0, 'Female', NULL, '', '', '2002-04-17', '', 'UNDER MATRIC', 18, 1, '', '', NULL, NULL, '', '28', 'Lachhmangarh', NULL, NULL, '2022-01-07', NULL, '2022-01-07', 0),
(34, 34, '', 'Hani', '', 'Jangid', NULL, '', 'Kailash', '', '', 'Bachlor', 1547, NULL, 2506, 633, 0, 0, 'Female', NULL, '', '', '2008-08-01', '', 'LITERATE', 19, 1, '', '', NULL, NULL, '', '28', 'Lachhmangarh', NULL, NULL, '2022-01-07', NULL, '2022-01-07', 0),
(35, 35, '', 'Arvind', 'Kumar', 'Jangid', 9782447604, '', 'Manilal Jangid', 'Santosh Jangid', '', 'Single', 2, 3, 6, 6, 0, 0, 'Male', 45, 'Wheatish', 'Sdf', '1990-01-14', '', 'Graduate', 4, 3, 'Developer', '', NULL, NULL, '1641559160_3c4d2ea36ee0ca4d0702.png', 'Parsrampura', 'Nawalgarh', 254, 15, '2022-01-07', NULL, '2022-01-10', 0);

-- --------------------------------------------------------

--
-- Table structure for table `occupations`
--

CREATE TABLE `occupations` (
  `id` int(5) UNSIGNED NOT NULL,
  `occupation` varchar(50) NOT NULL,
  `created_at` varchar(15) DEFAULT NULL
) ENGINE=InnoDB DEFAULT CHARSET=utf8mb4;

--
-- Dumping data for table `occupations`
--

INSERT INTO `occupations` (`id`, `occupation`, `created_at`) VALUES
(1, 'Student', '15-12-2021'),
(2, 'Businessman', '15-12-2021'),
(3, 'Pvt. Employee', '15-12-2021'),
(4, 'Gov. Employee', '15-12-2021'),
(5, 'Chief Executive Officer', '21-12-2021'),
(89, 'Engineer', '31-12-2021'),
(94, 'Furniture Shop', '05-01-2022'),
(95, 'Cement', '07-01-2022'),
(96, 'Hw', '07-01-2022'),
(97, 'Service', '07-01-2022'),
(98, 'Child', '07-01-2022'),
(99, 'Carpentor', '07-01-2022'),
(100, 'Silver', '07-01-2022');

-- --------------------------------------------------------

--
-- Table structure for table `otp`
--

CREATE TABLE `otp` (
  `id` int(10) UNSIGNED NOT NULL,
  `user_id` int(11) UNSIGNED NOT NULL,
  `otp` bigint(8) UNSIGNED NOT NULL,
  `created_at` varchar(15) DEFAULT NULL
) ENGINE=InnoDB DEFAULT CHARSET=utf8mb4;

--
-- Dumping data for table `otp`
--

INSERT INTO `otp` (`id`, `user_id`, `otp`, `created_at`) VALUES
(1, 1, 955418, '1643359211'),
(3, 3, 201448, '1639633867'),
(4, 4, 871706, '1639634137'),
(5, 5, 973823, '1639635117'),
(6, 6, 394137, '1639639736'),
(7, 7, 758164, '1639639786'),
(8, 8, 883876, '1639641042'),
(9, 9, 226828, '1639645113'),
(10, 10, 554518, '1639914342'),
(11, 12, 426760, '1640239887'),
(12, 14, 344809, '1640686502'),
(13, 15, 196775, '1641103366'),
(14, 16, 807363, '1641103751'),
(15, 17, 993404, '1641104208'),
(16, 29, 717847, '1643361069');

-- --------------------------------------------------------

--
-- Table structure for table `permissions`
--

CREATE TABLE `permissions` (
  `id` int(5) UNSIGNED NOT NULL,
  `title` varchar(100) NOT NULL,
  `description` text NOT NULL,
  `created_at` varchar(15) DEFAULT NULL,
  `updated_at` varchar(15) DEFAULT NULL
) ENGINE=InnoDB DEFAULT CHARSET=utf8mb4;

--
-- Dumping data for table `permissions`
--

INSERT INTO `permissions` (`id`, `title`, `description`, `created_at`, `updated_at`) VALUES
(1, 'moderator_list', 'This type of permission allow users to see the list of all moderators ', NULL, NULL),
(2, 'member_list', '', NULL, NULL);

-- --------------------------------------------------------

--
-- Table structure for table `relations`
--

CREATE TABLE `relations` (
  `id` tinyint(6) UNSIGNED NOT NULL,
  `relation` varchar(20) NOT NULL,
  `created_at` varchar(15) DEFAULT NULL,
  `updated_at` varchar(15) DEFAULT NULL,
  `deleted_at` varchar(15) DEFAULT NULL
) ENGINE=InnoDB DEFAULT CHARSET=utf8mb4;

--
-- Dumping data for table `relations`
--

INSERT INTO `relations` (`id`, `relation`, `created_at`, `updated_at`, `deleted_at`) VALUES
(1, 'Self', '2022-01-06', '2022-01-06', NULL),
(2, 'Wife', '2022-01-06', '2022-01-06', NULL),
(3, 'Son', '2022-01-06', '2022-01-06', NULL),
(4, 'Daughter', '2022-01-06', '2022-01-06', NULL),
(5, 'D in law', '2022-01-06', '2022-01-06', NULL),
(6, 'Grand son', '2022-01-06', '2022-01-06', NULL),
(7, 'G daughter', '2022-01-06', '2022-01-06', NULL),
(8, 'Mother', '2022-01-06', '2022-01-06', NULL);

-- --------------------------------------------------------

--
-- Table structure for table `roles`
--

CREATE TABLE `roles` (
  `id` tinyint(2) UNSIGNED NOT NULL,
  `role` varchar(20) NOT NULL
) ENGINE=InnoDB DEFAULT CHARSET=utf8mb4;

--
-- Dumping data for table `roles`
--

INSERT INTO `roles` (`id`, `role`) VALUES
(1, 'Admin'),
(2, 'Moderator'),
(3, 'Member');

-- --------------------------------------------------------

--
-- Table structure for table `role_permissions`
--

CREATE TABLE `role_permissions` (
  `id` int(11) UNSIGNED NOT NULL,
  `role_id` tinyint(2) UNSIGNED NOT NULL,
  `permission_id` int(5) UNSIGNED NOT NULL
) ENGINE=InnoDB DEFAULT CHARSET=utf8mb4;

--
-- Dumping data for table `role_permissions`
--

INSERT INTO `role_permissions` (`id`, `role_id`, `permission_id`) VALUES
(1, 1, 1),
(2, 1, 2),
(3, 2, 2);

-- --------------------------------------------------------

--
-- Table structure for table `states`
--

CREATE TABLE `states` (
  `id` tinyint(2) UNSIGNED NOT NULL,
  `state` varchar(15) NOT NULL,
  `created_at` varchar(15) DEFAULT NULL,
  `updated_at` varchar(15) DEFAULT NULL,
  `deleted_at` varchar(15) DEFAULT NULL
) ENGINE=InnoDB DEFAULT CHARSET=utf8mb4;

--
-- Dumping data for table `states`
--

INSERT INTO `states` (`id`, `state`, `created_at`, `updated_at`, `deleted_at`) VALUES
(1, 'Andhra Pradesh', '14-12-2021', '14-12-2021', NULL),
(2, 'Arunachal Prade', '14-12-2021', '14-12-2021', NULL),
(3, 'Assam', '14-12-2021', '14-12-2021', NULL),
(4, 'Bihar', '14-12-2021', '14-12-2021', NULL),
(5, 'Chandigarh (UT)', '14-12-2021', '14-12-2021', NULL),
(6, 'Chhattisgarh', '14-12-2021', '14-12-2021', NULL),
(7, 'Dadra and Nagar', '14-12-2021', '14-12-2021', NULL),
(8, 'Daman and Diu (', '14-12-2021', '14-12-2021', NULL),
(9, 'Delhi (NCT)', '14-12-2021', '14-12-2021', NULL),
(10, 'Goa', '14-12-2021', '14-12-2021', NULL),
(11, 'Gujarat', '14-12-2021', '14-12-2021', NULL),
(12, 'Haryana', '14-12-2021', '14-12-2021', NULL),
(13, 'Himachal Prades', '14-12-2021', '14-12-2021', NULL),
(14, 'Jammu and Kashm', '14-12-2021', '14-12-2021', NULL),
(15, 'Jharkhand', '14-12-2021', '14-12-2021', NULL),
(16, 'Karnataka', '14-12-2021', '14-12-2021', NULL),
(17, 'Kerala', '14-12-2021', '14-12-2021', NULL),
(18, 'Lakshadweep (UT', '14-12-2021', '14-12-2021', NULL),
(19, 'Madhya Pradesh', '14-12-2021', '14-12-2021', NULL),
(20, 'Maharashtra', '14-12-2021', '14-12-2021', NULL),
(21, 'Manipur', '14-12-2021', '14-12-2021', NULL),
(22, 'Meghalaya', '14-12-2021', '14-12-2021', NULL),
(23, 'Mizoram', '14-12-2021', '14-12-2021', NULL),
(24, 'Nagaland', '14-12-2021', '14-12-2021', NULL),
(25, 'Odisha', '14-12-2021', '14-12-2021', NULL),
(26, 'Puducherry (UT)', '14-12-2021', '14-12-2021', NULL),
(27, 'Punjab', '14-12-2021', '14-12-2021', NULL),
(28, 'Rajasthan', '14-12-2021', '14-12-2021', NULL),
(29, 'Sikkim', '14-12-2021', '14-12-2021', NULL),
(30, 'Tamil Nadu', '14-12-2021', '14-12-2021', NULL),
(31, 'Telangana', '14-12-2021', '14-12-2021', NULL),
(32, 'Tripura', '14-12-2021', '14-12-2021', NULL),
(33, 'Uttarakhand', '14-12-2021', '14-12-2021', NULL),
(34, 'Uttar Pradesh', '14-12-2021', '14-12-2021', NULL),
(35, 'West Bengal', '14-12-2021', '14-12-2021', NULL);

-- --------------------------------------------------------

--
-- Table structure for table `users`
--

CREATE TABLE `users` (
  `id` int(11) UNSIGNED NOT NULL,
  `first_name` varchar(20) NOT NULL,
  `last_name` varchar(20) NOT NULL,
  `phone` bigint(11) UNSIGNED DEFAULT NULL,
  `password` varchar(50) DEFAULT NULL,
  `status` tinyint(2) UNSIGNED NOT NULL COMMENT '0->pending\r\n1->active\r\n2->suspended\r\n',
  `created_at` date DEFAULT NULL,
  `updated_at` date DEFAULT NULL,
  `deleted_at` date DEFAULT NULL
) ENGINE=InnoDB DEFAULT CHARSET=utf8mb4;

--
-- Dumping data for table `users`
--

INSERT INTO `users` (`id`, `first_name`, `last_name`, `phone`, `password`, `status`, `created_at`, `updated_at`, `deleted_at`) VALUES
(1, 'Radheshyam', 'Jangid', 9602065384, 'e30917419308490a826ea4ee2406f11d', 0, '2022-01-07', '2022-01-28', NULL),
(2, 'Sulochana', 'Jangid', 0, NULL, 0, '2022-01-07', '2022-01-07', NULL),
(3, 'Naveen', 'Jangid', 0, NULL, 0, '2022-01-07', '2022-01-07', NULL),
(4, 'Ajay', 'Jangid', 0, NULL, 0, '2022-01-07', '2022-01-07', NULL),
(5, 'Anuradha', 'Jangid', 0, NULL, 0, '2022-01-07', '2022-01-07', NULL),
(6, 'Dimple', 'Jangid', 0, NULL, 0, '2022-01-07', '2022-01-07', NULL),
(7, 'Divya', 'Jangid', 0, NULL, 0, '2022-01-07', '2022-01-07', NULL),
(8, 'Sarita', 'Jangid', 0, NULL, 0, '2022-01-07', '2022-01-07', NULL),
(9, 'Dolfy', 'Jangid', 0, NULL, 0, '2022-01-07', '2022-01-07', NULL),
(10, 'Aaryan', 'Jangid', 0, NULL, 0, '2022-01-07', '2022-01-07', NULL),
(11, 'Hardik', 'Jangid', 0, NULL, 0, '2022-01-07', '2022-01-07', NULL),
(12, 'Laxminarayan', 'Jangid', 9166496335, NULL, 0, '2022-01-07', '2022-01-07', NULL),
(13, 'Pushpa', 'Jangid', 0, NULL, 0, '2022-01-07', '2022-01-07', NULL),
(14, 'Maya', 'Jangid', 0, NULL, 0, '2022-01-07', '2022-01-07', NULL),
(15, 'Chandraprakash', 'Jangid', 0, NULL, 0, '2022-01-07', '2022-01-07', NULL),
(16, 'Sonu', 'Jangid', 0, NULL, 0, '2022-01-07', '2022-01-07', NULL),
(17, 'Hariprasad', 'Jangid', 9828456765, NULL, 0, '2022-01-07', '2022-01-07', NULL),
(18, 'Meena', 'Jangid', 0, NULL, 0, '2022-01-07', '2022-01-07', NULL),
(19, 'Ankita', 'Jangid', 0, NULL, 0, '2022-01-07', '2022-01-07', NULL),
(20, 'Bitoo', 'Jangid', 0, NULL, 0, '2022-01-07', '2022-01-07', NULL),
(21, 'Basanti', 'Jangid', 0, NULL, 0, '2022-01-07', '2022-01-07', NULL),
(22, 'Pankaj', 'Jangid', 9350235327, NULL, 0, '2022-01-07', '2022-01-07', NULL),
(23, 'Anita', 'Jangid', 0, NULL, 0, '2022-01-07', '2022-01-07', NULL),
(24, 'Chini', 'Jangid', 0, NULL, 0, '2022-01-07', '2022-01-07', NULL),
(25, 'Piyush', 'Jangid', 0, NULL, 0, '2022-01-07', '2022-01-07', NULL),
(26, 'Ramotar', 'Jangid', 0, NULL, 0, '2022-01-07', '2022-01-07', NULL),
(27, 'Santra', 'Jangid', 0, NULL, 0, '2022-01-07', '2022-01-07', NULL),
(28, 'Richita', 'Jangid', 0, NULL, 0, '2022-01-07', '2022-01-07', NULL),
(29, 'Ankur', 'Jangid', 9602068553, '7912d669037a029474c3ffa62c5ae8e6', 1, '2022-01-07', '2022-01-28', NULL),
(30, 'Karina', 'Jangid', 0, NULL, 0, '2022-01-07', '2022-01-07', NULL),
(31, 'Kailash', 'Jangid', 0, NULL, 0, '2022-01-07', '2022-01-07', NULL),
(32, 'Usha', 'Jangid', 0, NULL, 0, '2022-01-07', '2022-01-07', NULL),
(33, 'Khushi', 'Jangid', 0, NULL, 0, '2022-01-07', '2022-01-07', NULL),
(34, 'Hani', 'Jangid', 0, NULL, 0, '2022-01-07', '2022-01-07', NULL),
(35, 'Arvind', 'Jangid', 9602065385, 'e10adc3949ba59abbe56e057f20f883e', 1, '2022-01-07', '2022-01-10', NULL);

-- --------------------------------------------------------

--
-- Table structure for table `users_business`
--

CREATE TABLE `users_business` (
  `id` int(11) UNSIGNED NOT NULL,
  `user_id` int(11) UNSIGNED NOT NULL,
  `proprietary_name` varchar(50) NOT NULL,
  `business` text NOT NULL,
  `business_detail` text NOT NULL,
  `phone` bigint(11) UNSIGNED NOT NULL,
  `time` varchar(12) NOT NULL,
  `email` varchar(40) NOT NULL,
  `address` text NOT NULL,
  `business_photo` varchar(60) DEFAULT NULL
) ENGINE=InnoDB DEFAULT CHARSET=utf8mb4;

--
-- Dumping data for table `users_business`
--

INSERT INTO `users_business` (`id`, `user_id`, `proprietary_name`, `business`, `business_detail`, `phone`, `time`, `email`, `address`, `business_photo`) VALUES
(1, 1, 'Manish Jangir', 'Furniture Shop', 'We have all furniture items for your house like almera, dining table etc. in low prices', 9602065385, '7am - 8pm', 'deepak@gmail.com', 'bawarigate, word no.- 42, Nawalgarh, Jhunjhunu', 'furniture.jpg');

-- --------------------------------------------------------

--
-- Table structure for table `user_relatives`
--

CREATE TABLE `user_relatives` (
  `id` int(11) UNSIGNED NOT NULL,
  `user_id` int(11) UNSIGNED NOT NULL,
  `relative_user_id` int(11) UNSIGNED NOT NULL,
  `relation_id` tinyint(2) UNSIGNED NOT NULL
) ENGINE=InnoDB DEFAULT CHARSET=utf8mb4;

--
-- Dumping data for table `user_relatives`
--

INSERT INTO `user_relatives` (`id`, `user_id`, `relative_user_id`, `relation_id`) VALUES
(1, 1, 1, 1),
(2, 1, 2, 2),
(3, 1, 3, 3),
(4, 1, 4, 3),
(5, 1, 5, 4),
(6, 1, 6, 4),
(7, 1, 7, 5),
(8, 1, 8, 5),
(9, 1, 9, 6),
(10, 1, 10, 7),
(11, 1, 11, 6),
(12, 12, 12, 1),
(13, 12, 13, 2),
(14, 12, 14, 4),
(15, 12, 15, 3),
(16, 12, 16, 4),
(17, 17, 17, 1),
(18, 17, 18, 2),
(19, 17, 19, 4),
(20, 17, 20, 4),
(21, 17, 21, 8),
(22, 22, 22, 1),
(23, 22, 23, 2),
(24, 22, 24, 4),
(25, 22, 25, 3),
(26, 26, 26, 1),
(27, 26, 27, 2),
(28, 26, 28, 4),
(29, 26, 29, 3),
(30, 26, 30, 4),
(31, 31, 31, 1),
(32, 31, 32, 2),
(33, 31, 33, 4),
(34, 31, 34, 4);

-- --------------------------------------------------------

--
-- Table structure for table `user_roles`
--

CREATE TABLE `user_roles` (
  `id` int(11) UNSIGNED NOT NULL,
  `user_id` int(11) UNSIGNED NOT NULL,
  `role_id` tinyint(2) UNSIGNED NOT NULL
) ENGINE=InnoDB DEFAULT CHARSET=utf8mb4;

--
-- Dumping data for table `user_roles`
--

INSERT INTO `user_roles` (`id`, `user_id`, `role_id`) VALUES
(1, 1, 3),
(2, 2, 3),
(3, 3, 3),
(4, 4, 3),
(5, 5, 3),
(6, 6, 3),
(7, 7, 3),
(8, 8, 3),
(9, 9, 3),
(10, 10, 3),
(11, 11, 3),
(12, 12, 3),
(13, 13, 3),
(14, 14, 3),
(15, 15, 3),
(16, 16, 3),
(17, 17, 3),
(18, 18, 3),
(19, 19, 3),
(20, 20, 3),
(21, 21, 3),
(22, 22, 3),
(23, 23, 3),
(24, 24, 3),
(25, 25, 3),
(26, 26, 3),
(27, 27, 3),
(28, 28, 3),
(29, 29, 3),
(30, 30, 3),
(31, 31, 3),
(32, 32, 3),
(33, 33, 3),
(34, 34, 3),
(35, 35, 3),
(36, 35, 2),
(37, 35, 1);

--
-- Indexes for dumped tables
--

--
-- Indexes for table `districts`
--
ALTER TABLE `districts`
  ADD PRIMARY KEY (`id`);

--
-- Indexes for table `education`
--
ALTER TABLE `education`
  ADD PRIMARY KEY (`id`);

--
-- Indexes for table `favorite_members`
--
ALTER TABLE `favorite_members`
  ADD PRIMARY KEY (`id`);

--
-- Indexes for table `gotras`
--
ALTER TABLE `gotras`
  ADD PRIMARY KEY (`id`),
  ADD UNIQUE KEY `gotra` (`gotra`);

--
-- Indexes for table `matrimonial_msgs`
--
ALTER TABLE `matrimonial_msgs`
  ADD PRIMARY KEY (`id`);

--
-- Indexes for table `members_profile`
--
ALTER TABLE `members_profile`
  ADD PRIMARY KEY (`id`);

--
-- Indexes for table `occupations`
--
ALTER TABLE `occupations`
  ADD PRIMARY KEY (`id`);

--
-- Indexes for table `otp`
--
ALTER TABLE `otp`
  ADD PRIMARY KEY (`id`),
  ADD UNIQUE KEY `user_id` (`user_id`);

--
-- Indexes for table `permissions`
--
ALTER TABLE `permissions`
  ADD PRIMARY KEY (`id`);

--
-- Indexes for table `relations`
--
ALTER TABLE `relations`
  ADD PRIMARY KEY (`id`);

--
-- Indexes for table `roles`
--
ALTER TABLE `roles`
  ADD PRIMARY KEY (`id`);

--
-- Indexes for table `role_permissions`
--
ALTER TABLE `role_permissions`
  ADD PRIMARY KEY (`id`);

--
-- Indexes for table `states`
--
ALTER TABLE `states`
  ADD PRIMARY KEY (`id`),
  ADD UNIQUE KEY `state` (`state`);

--
-- Indexes for table `users`
--
ALTER TABLE `users`
  ADD PRIMARY KEY (`id`);

--
-- Indexes for table `users_business`
--
ALTER TABLE `users_business`
  ADD PRIMARY KEY (`id`);

--
-- Indexes for table `user_relatives`
--
ALTER TABLE `user_relatives`
  ADD PRIMARY KEY (`id`);

--
-- Indexes for table `user_roles`
--
ALTER TABLE `user_roles`
  ADD PRIMARY KEY (`id`);

--
-- AUTO_INCREMENT for dumped tables
--

--
-- AUTO_INCREMENT for table `districts`
--
ALTER TABLE `districts`
  MODIFY `id` int(11) UNSIGNED NOT NULL AUTO_INCREMENT, AUTO_INCREMENT=723;

--
-- AUTO_INCREMENT for table `education`
--
ALTER TABLE `education`
  MODIFY `id` int(5) UNSIGNED NOT NULL AUTO_INCREMENT, AUTO_INCREMENT=20;

--
-- AUTO_INCREMENT for table `favorite_members`
--
ALTER TABLE `favorite_members`
  MODIFY `id` int(11) UNSIGNED NOT NULL AUTO_INCREMENT, AUTO_INCREMENT=43;

--
-- AUTO_INCREMENT for table `gotras`
--
ALTER TABLE `gotras`
  MODIFY `id` int(5) UNSIGNED NOT NULL AUTO_INCREMENT, AUTO_INCREMENT=2507;

--
-- AUTO_INCREMENT for table `matrimonial_msgs`
--
ALTER TABLE `matrimonial_msgs`
  MODIFY `id` int(11) UNSIGNED NOT NULL AUTO_INCREMENT, AUTO_INCREMENT=4;

--
-- AUTO_INCREMENT for table `members_profile`
--
ALTER TABLE `members_profile`
  MODIFY `id` int(11) UNSIGNED NOT NULL AUTO_INCREMENT, AUTO_INCREMENT=36;

--
-- AUTO_INCREMENT for table `occupations`
--
ALTER TABLE `occupations`
  MODIFY `id` int(5) UNSIGNED NOT NULL AUTO_INCREMENT, AUTO_INCREMENT=101;

--
-- AUTO_INCREMENT for table `otp`
--
ALTER TABLE `otp`
  MODIFY `id` int(10) UNSIGNED NOT NULL AUTO_INCREMENT, AUTO_INCREMENT=17;

--
-- AUTO_INCREMENT for table `permissions`
--
ALTER TABLE `permissions`
  MODIFY `id` int(5) UNSIGNED NOT NULL AUTO_INCREMENT, AUTO_INCREMENT=3;

--
-- AUTO_INCREMENT for table `relations`
--
ALTER TABLE `relations`
  MODIFY `id` tinyint(6) UNSIGNED NOT NULL AUTO_INCREMENT, AUTO_INCREMENT=9;

--
-- AUTO_INCREMENT for table `roles`
--
ALTER TABLE `roles`
  MODIFY `id` tinyint(2) UNSIGNED NOT NULL AUTO_INCREMENT, AUTO_INCREMENT=4;

--
-- AUTO_INCREMENT for table `role_permissions`
--
ALTER TABLE `role_permissions`
  MODIFY `id` int(11) UNSIGNED NOT NULL AUTO_INCREMENT, AUTO_INCREMENT=4;

--
-- AUTO_INCREMENT for table `states`
--
ALTER TABLE `states`
  MODIFY `id` tinyint(2) UNSIGNED NOT NULL AUTO_INCREMENT, AUTO_INCREMENT=36;

--
-- AUTO_INCREMENT for table `users`
--
ALTER TABLE `users`
  MODIFY `id` int(11) UNSIGNED NOT NULL AUTO_INCREMENT, AUTO_INCREMENT=36;

--
-- AUTO_INCREMENT for table `users_business`
--
ALTER TABLE `users_business`
  MODIFY `id` int(11) UNSIGNED NOT NULL AUTO_INCREMENT, AUTO_INCREMENT=2;

--
-- AUTO_INCREMENT for table `user_relatives`
--
ALTER TABLE `user_relatives`
  MODIFY `id` int(11) UNSIGNED NOT NULL AUTO_INCREMENT, AUTO_INCREMENT=35;

--
-- AUTO_INCREMENT for table `user_roles`
--
ALTER TABLE `user_roles`
  MODIFY `id` int(11) UNSIGNED NOT NULL AUTO_INCREMENT, AUTO_INCREMENT=38;
COMMIT;

/*!40101 SET CHARACTER_SET_CLIENT=@OLD_CHARACTER_SET_CLIENT */;
/*!40101 SET CHARACTER_SET_RESULTS=@OLD_CHARACTER_SET_RESULTS */;
/*!40101 SET COLLATION_CONNECTION=@OLD_COLLATION_CONNECTION */;
